destination,description,tag,image
도쿄,"초현대적인 초고층 빌딩과 비교할 수 없는 음식, 신나는 밤문화로 유명한 도쿄는 아드레날린이 넘쳐나는 곳입니다. 도쿄는 최첨단으로 유명하지만, 옛 신사와 빈티지 찻집, 평화로운 정원은 고요한 휴식처를 제공하고 과거의 역사를 상기시켜 줍니다. 도쿄의 유서 깊은 지역인 아사쿠사에서 오전을 보내며 센소지 사원을 구경한 후 스미다가와강을 따라 산책하세요(봄에는 벚꽃이 만발합니다). 츠키지 장외 시장으로 가서 아침 식사로 스시를 드셔도 좋습니다. 좁은 통로에 수많은 음식점이 즐비한 곳입니다(대부분이 정오 무렵 문을 닫으니 일찍 가세요). 하라주쿠에서 활기를 즐기고 코스프레 문화를 맛보거나 아키하바라에서 비디오 게임과 애니메이션을 구경하세요. 저녁에 요코초(길거리의 작은 골목길)를 따라 내려가면 한가로운 이자카야와 한적한 분위기의 바도 찾아볼 수 있습니다. 이것들은 맛보기에 불과합니다. 아래에 더 많은 추천 여행지가 있습니다.","시티 투어,역사 투어,바,문화체험 투어",https://dynamic-media-cdn.tripadvisor.com/media/photo-o/27/84/4b/d7/caption.jpg?w=1000&h=600&s=1&cx=994&cy=946&chk=v1_6a1bd939ce726b103997
서울,"대한민국의 비즈니스와 문화의 중심지인 서울은 전통과 새로움이 어우러진 장소로, 고궁과 탑 위로 고층 빌딩이 우뚝 솟아 있습니다. 먼저 남산 공원 꼭대기에 서 있는 N 서울 타워에서 서울의 풍경을 감상하세요. 환상적인 도시 전망을 파노라마로 즐길 수 있습니다. 그 후에는 다양한 장소를 걸어서 둘러보세요. 인사동의 찻집과 상점, 경복궁 경내 및 박물관, 유네스코 세계 문화유산으로 지정된 창덕궁 모두 한국의 전통문화를 잘 보여주는 곳입니다. 이와는 대조적으로 화려한 강남과 같은 곳은 지금 현재 유행의 최첨단을 이끄는 중심지로서 서울의 위상을 보여줍니다. 서울에는 하이 패션 하우스는 물론 잘 알려지지 않은 신진 디자이너들이 한데 어우러져 있으며, 서울 어디서나 전문 부티크, 빈티지 상점, 직물 도매 시장을 만나볼 수 있습니다. (K-뷰티 팬이라면 사방에 화장품 숍이 즐비한 명동 지구를 꼭 확인하세요.) 아래에서 더 많은 추천 정보를 확인할 수 있습니다.","전일 투어,역사 투어,테마 파크,바",https://dynamic-media-cdn.tripadvisor.com/media/photo-o/1b/33/f2/f0/caption.jpg?w=500&h=400&s=1
하롱베이,"여행자들은 아름다운 기암괴석과 동굴을 가까이서 직접 보기 위해 하롱베이를 찾습니다. 수세기에 걸쳐 바람과 물의 침식 작용을 받아 형성된 독특한 지형은 경탄을 자아내게 합니다. 일대를 관광하기 위해 그룹 투어에 참여하는 방법도 있지만, 직접 카약이나 정크 보트를 빌릴 수도 있습니다.","자연 및 야생동물 서식지 투어,스탠드업 패들 보딩,스파,카약 투어",https://dynamic-media-cdn.tripadvisor.com/media/photo-o/01/31/05/a5/baie-d-halong.jpg?w=500&h=400&s=1
팔라완,팔라완은 이국적인 야생 동물과 진기한 어촌이 가득한 UNESCO 세계 유산으로서 천국과도 같은 곳입니다. Calauit Game Preserve 및 Wildlife Sanctuary에서 멸종 위기 동물을 만나보거나 세계 최고의 다이빙 스폿으로 손꼽히는 Coron Island의 일본 난파선 잔해를 탐험해 보세요. 가이드와 함께 하는 Puerto Princesa Underground River 보트 투어는 큰 감동을 선사합니다.,"2일 이상 & 기간 연장 투어,리조트,스노클링,휴식",https://dynamic-media-cdn.tripadvisor.com/media/photo-o/0d/e7/b0/ea/photo0jpg.jpg?w=500&h=400&s=1
사파,"사파는 베트남 북부 산지에 위치한 작은 마을로, 아름다운 자연 경관과 다양한 문화적 경험을 제공합니다. 사파는 특히 높은 산과 울창한 정글, 그리고 다채로운 소수민족 문화로 유명합니다. 이곳은 트레킹과 하이킹을 즐기는 여행자들 사이에서 인기 있는 목적지 중 하나이며, 멋진 전통적인 마을과 농장을 탐험하고 아름다운 산책로를 따라 여행할 수 있습니다. 또한 사파는 주변 지역의 산업화된 도시와는 대조적으로 평화로운 분위기를 제공하며, 현지 소수민족의 문화와 전통을 경험할 수 있는 곳으로 알려져 있습니다","하이킹 투어, 예술 및 역사, 등반, 러닝 투어",https://dynamic-media-cdn.tripadvisor.com/media/photo-o/01/e8/00/d0/sapa-vietnam.jpg?w=500&h=400&s=1
보고타,"인구 천만의 보고타는 콜롬비아에서 가장 큰 도시입니다. 정통 요리와 훌륭한 와인을 즐길 수 있는 세련된 레스토랑이 많으며, 먹거리와 관련된 페스티벌도 자주 개최됩니다. 현지 주민들이 즐겨 이용하는 음식점에서 아지 소스를 곁들인 엠파나다를 즐겨보세요. 라 칸델라리아의 역사 지구를 산책하거나 북부 지역에서 쇼핑을 하는 것도 즐겁습니다.","바, 문화체험 투어, 사진 투어, 스릴 넘치는 체험",https://dynamic-media-cdn.tripadvisor.com/media/photo-o/01/08/3a/c2/twilight-view-over-bogota.jpg?w=500&h=400&s=1
파타야,타이 만의 해변을 즐기려면 파타야에 가세요. 편안한 분위기의 가족 친화적인 좀티엔 비치는 수상 스포츠와 해변에서의 마사지를 즐기기에 좋은 곳입니다. 왓 카오 프라 밧의 거대한 불상이 도시를 내려다보며 나무로 된 왕 보란 진리의 성전은 불교와 힌두교의 예술과 건축 양식을 본떠 경의를 표하고 있습니다. 밤에는 수많은 바와 스트립 클럽이 성인들을 유혹합니다.,"리조트, 카바레, 문화체험 투어, 야외 활동",https://dynamic-media-cdn.tripadvisor.com/media/photo-o/15/33/fb/5c/pattaya.jpg?w=500&h=400&s=1
알라후엘라,"알라후엘라에서는 행복과 즐거움을 진정으로 추구하는 생활 방식을 중시합니다. 시장이든 산이든, 어디서나 이러한 생활 방식을 중시하는 풍습을 느낄 수 있습니다. 알라후엘라 중앙 시장에 들러 현지인들과 이야기를 나누다 보면 이 문화와 정통 카사도(코스타리카의 전통 음식)를 맛볼 수 있습니다. 아니면 후안 산타마리아 역사 문화 박물관에서 코스타리카의 역사를 자세히 알아볼 수 있습니다. 자연환경도 진정으로 매력적입니다. 물결치는 듯한 산비탈, 커피 농장, 장엄한 포아스 화산이 있습니다. 몽환적인 운무림을 하이킹하여 포아스 화산 국립공원의 분화구에 다다르면 마치 다른 세계에 발을 들인 느낌이 들 것입니다. 마법 같은 광경을 더 보고 싶다면 라파즈 폭포 정원에 방문하세요. 열대우림을 가로지르는 폭포, 팔랑팔랑 춤추는 나비, 꿈에서 튀어나온 듯한 벌새 정원 등이 동화를 현실로 옮겨놓은 것 같습니다.","자연 및 야생동물 서식지 투어, 리조트, 등반, 바",https://dynamic-media-cdn.tripadvisor.com/media/photo-o/0c/7a/40/46/img-20160806-171647-largejpg.jpg?w=500&h=400&s=1
프놈펜,"예산이 넉넉하지 못한 여행자는 프놈펜의 저렴한 가격의 호텔 객실(트립어드바이저의 인기 호텔에서는 1박에 약 $40의 객실 제공)을 높이 평가할 것입니다. 도시의 사원, 궁전 및 프랑스 식민지 역사의 잔해를 살펴보세요. 도시 외부의 킬링 필드(청아익)는 오늘날 급속히 발전하는 도시와는 침울하게 대조를 이루어 캄보디아의 비극적인 과거를 상기시킵니다.","역사 투어, 바, 스파, 문화체험 투어",https://dynamic-media-cdn.tripadvisor.com/media/photo-o/10/e4/ce/b1/20171006-093816-01-largejpg.jpg?w=500&h=400&s=1
쿠알라룸푸르,쿠알라룸푸르의 거리를 거닐면 현재의 도시에서 고대 과거로 넘나들 수 있습니다. 쿠알라룸푸르에서 가장 눈에 띄는 것은 세계에서 가장 높은 88층의 쌍둥이 타워이자 현대 건축의 비전을 보여주는 상징적인 페트로나스 트윈 타워입니다. 한편에서는 말레이시아에서 가장 오래된 힌두교 사원인 스리 마하마리아만이 화려하고 도상학적인 토템 기둥을 자랑합니다. 화려한 대형 쇼핑몰에서 수공예품을 흥정하여 직접 구매할 수 있는 지역 시장까지 다양한 쇼핑을 즐길 수 있습니다.,"바, 문화체험 투어, 사진 투어, 스릴 넘치는 체험",https://dynamic-media-cdn.tripadvisor.com/media/photo-o/07/b9/58/b4/photo0jpg.jpg?w=500&h=400&s=1&cx=1000&cy=543&chk=v1_d6044045ef865bfe074a
제주도,"진달래가 만발하는 화산 등반, 바닷속 깊이 잠수하는 해녀들, 소원을 비는 고대 석상이 있는 곳이 어디일까요? 바로 제주도입니다. 신혼부부(와 한국 드라마 팬들)가 즐겨 찾는 이 인기 휴양지에는 길게 뻗은 황금빛 해변과 굽이진 해안 산책로, 제주도 최대 워터파크인 제주 워터월드가 있습니다. 무엇을 상상하든 이것만은 확실합니다. 이곳의 맛있는 회와 명성이 자자한 제주도 흑돼지구이를 즐기지 않고는 하루의 관광이 완성되지 않습니다.","자연 및 야생동물 서식지 투어, 리조트, 등반, 바",https://dynamic-media-cdn.tripadvisor.com/media/photo-o/29/59/c2/e9/caption.jpg?w=500&h=400&s=1
비티레부,"비티레부는 피지 공화국에서 가장 큰 섬입니다. 이 섬은 피지 국가의 중심이자 주요 경제 및 문화적 중심지인 수바와 함께 많은 인구가 거주하고 있습니다. 비티레부는 아름다운 해변, 열대 우림, 푸른 바다, 그리고 다양한 문화적 경험을 제공하여 관광객들에게 매력적인 목적지입니다. 비티레부에서는 다양한 활동을 즐길 수 있습니다. 해변에서는 수상 스포츠와 스노클링, 다이빙 등의 해양 활동을 즐길 수 있으며, 내륙으로 들어가면 열대 우림에서의 트레킹이나 강 RAFTING 등의 모험적인 활동을 즐길 수 있습니다. 또한, 비티레부에는 피지 문화를 경험할 수 있는 마을과 도시, 역사적인 유적지 등이 있어 관광객들에게 다채로운 경험을 제공합니다.","기항지 투어, 반나절 투어, 문화체험 투어, 스릴 넘치는 체험",https://dynamic-media-cdn.tripadvisor.com/media/photo-o/29/59/c4/bd/caption.jpg?w=500&h=400&s=1&cx=1049&cy=1353&chk=v1_37ec5b783fd04498f875
첸나이(마드라스),"첸나이의 인종적 다양성이 가지는 특성은, 그 풍부한 문화에 반영되어 있습니다. 또한, 콜리우드라 불리는 화려한 영화 산업과 본격적인 연극 무대를 모두 만나볼 수 있습니다. 지역 전통 무용인 바라트나트얌의 중심지이기도 한 첸나이는, 1월에 퐁갈 축제를 개최하고, 4월에는 신년 맞이 행사를 합니다.","쇼핑, 역사 투어, 역사 유물 탐방, 문화체험 투어",https://dynamic-media-cdn.tripadvisor.com/media/photo-o/15/4d/46/b8/chennai-madras.jpg?w=500&h=400&s=1
푸에블라,"푸에블라는 멕시코 중남부에 있는 아름다운 도시로, 콜로니얼 어키텍처와 유럽식 광장이 매력적입니다. 이곳은 세계에서 가장 넓은 교회 중 하나인 산 도미고 교회와 멕시코 요리의 중심지로 유명합니다. 또한, 푸에블라는 탈라베라(Talavera) 세라믹 공예품으로도 유명합니다. 이곳은 멕시코 역사와 문화를 경험하고 싶은 여행객들에게 이상적인 여행지입니다.","나이트라이프, 역사 투어, 바, 역사 유물 탐방",https://dynamic-media-cdn.tripadvisor.com/media/photo-o/15/33/f5/88/puebla.jpg?w=500&h=400&s=1
반둥,"반둥은 인도네시아에서 세 번째로 큰 도시이지만 자카르타와 매우 가깝게 있어서 다소 시원한 기후를 보입니다. 반둥에서는 네덜란드 식민지 시대 건축물과 아름다운 식물원, 동물원, 골프 코스, 다양한 먹거리를 즐길 수 있습니다.","투어 & 관광, 스파, 현지 음식",https://dynamic-media-cdn.tripadvisor.com/media/photo-o/12/33/b5/d7/p-20180218-153409-largejpg.jpg?w=500&h=400&s=1
파나마시티,"파나마 시티에서는 최상의 시푸드를 즐길 수 있습니다. 레스토랑 쉐프는 요리의 재료로 대서양과 태평양에서 잡은 싱싱한 해산물을 엄선합니다. 파나마 요리 ""세비체""를 한번 드셔보세요. 세비체는 라임 주스에 코르비나 피쉬와 양파, 샐러리, 약간의 고춧가루를 넣고 만든 절임 요리입니다. 유카와 얌을 넣고 만든 치킨 스튜인 ""산꼬초""도 이 지역의 별미입니다.","나이트라이프, 역사 투어, 바, 4WD 투어",https://dynamic-media-cdn.tripadvisor.com/media/photo-o/0e/68/1f/4f/20170114-184400-largejpg.jpg?w=500&h=400&s=1
와라스,와라스는 잉카 제국 이전으로 거슬러 올라가며 문화 교육과 휴식을 함께할 수 있는 여행자들을 위한 좋은 여행지입니다. 무세오 리저널 드 안카시의 고고학 현장과 고대의 돌기둥을 탐험해 보십시오. 좁은 덕 캐년으로 눌러 넣거나 매우 아름다운 보상이 기다리는 도전을 원한다면 우아스카란 국립 공원의 산악 트레일을 하이킹하십시오.,"자연 및 야생동물 서식지 투어, 하이킹 투어, 역사 유물 탐방, 윈터 스포츠",https://dynamic-media-cdn.tripadvisor.com/media/photo-o/0d/5d/9f/66/20161007-130016-largejpg.jpg?w=500&h=400&s=1
나이로비,"사파리로 유명한 나이로비는 야생동물의 생태와 나이트라이프를 즐길 수 있는 역동적이고 모던한 도시입니다. 예전에 마사이족의 우물이 있던 곳에는 활기 넘치는 뮤직 클럽, 상점, 시장, 레스토랑이 즐비하며 다양한 종류의 요리를 즐길 수 있습니다. 주요 명소로는 카렌 박물관, 기린 공원, 코뿔소로 유명한 나이로비 국립 공원이 있습니다. 시내 중심부는 도보 여행을 하더라도 문제 없을 만큼 치안이 좋은 편이며, 택시를 타야 갈 수 있는 지역도 있습니다.","당일치기 여행 & 관광, 사파리, 4WD 투어",https://dynamic-media-cdn.tripadvisor.com/media/photo-o/10/e2/a2/39/2017-10-04-12-largejpg.jpg?w=500&h=400&s=1
라파스,"안데스 산맥의 골짜기에 자리 잡은 라파스는 구름과 닿는 도시입니다. 볼리비아의 실질적 수도이자 해발 3300~4100미터 사이에 위치한 라파즈는 세계에서 가장 고도가 높은 수도입니다. 19세기에 지어진 교회와 정복 이전의 시대에 제작된 유물을 전시한 박물관, 위태로운 전망과 다채로운 마켓이 특징인 라파즈는 매우 독특한 도시입니다. 도시 한가운데에 위치한 위치스 마켓에서는 아이마라 족의 의식에 쓰이는 물품과 기념품을 판매합니다.","나이트라이프, 역사 유물 탐방, 4WD 투어, 문화체험 투어",https://dynamic-media-cdn.tripadvisor.com/media/photo-o/10/44/29/e9/amazing-sights-of-la.jpg?w=500&h=400&s=1
Port Ghalib,"휴양, 모험, 럭셔리가 완벽하게 조화를 이루는 포트 가립은 아는 사람들은 최고로 꼽는 장소입니다. 황금빛 모래사장과 온종일 몸을 담가도 질리지 않는 푸른 바다가 있는 해변들은 특히 매력적입니다. 수면 아래의 세계도 놀랍습니다. 보트를 타고 사타야 리프로 가면 알록달록한 산호초를 탐험하고 돌고래와 함께 수영할 수 있습니다. 물놀이를 충분히 했다면 포트 가립 마리나에서 밤을 보내세요. 요트, 바다에 인접한 식당들, 지중해 분위기 덕분에 일몰을 감상하거나 멋진 저녁 식사를 즐기기에 아주 좋습니다.","나이트라이프, 돌고래와 함께 수영, 리조트, 스파",https://dynamic-media-cdn.tripadvisor.com/media/photo-o/06/95/d9/01/port-ghalib.jpg?w=500&h=400&s=1
브라쇼브,"루마니아 중심에 있는 브라쇼브는 전통적인 매력과 현대적인 도시 생활이 조화를 이루고 있습니다. 도시를 운행하는 이층 버스에 탑승하여 주위를 살피고 휙휙 지나치는 풍경들을 바라본 다음 유럽에서 가장 좁은 거리인 스트라다 스포리에서 내리십시오. 하루 시간을 내어 프레지메르의 요새화된 교회, 자유의 불곰 보호 구역 및 드라큘라 성이라고도 하는 매우 불길한 브란성을 방문하십시오.","나이트라이프, 고스트 투어, 역사 투어, 문화체험 투어",https://dynamic-media-cdn.tripadvisor.com/media/photo-o/04/60/b5/51/vue-de-la-ville-depuis.jpg?w=500&h=400&s=1
만타,"만타에는 세계적으로 손꼽히도록 아름다운 해변, 문화와 역사, 인생 최고의 해산물까지 없는 게 없습니다. 매일 배구 경기, 일광욕, 멋진 일몰을 즐기기 위해 온 도시 사람이 모이는 플라야 무르시엘라고에서 출발하세요. 해변 매점에서 파는 (특별히 예술의 경지인) 세비체까지 먹으면 더할 나위 없습니다. 현지 문화를 (그리고 더 많은 해산물도) 즐기고 싶다면 엘 메르카도 센트럴에 들러 직접 고른 생선을 구워 먹거나, 센트럴 뱅크 박물관에서 에콰도르의 역사를 짧지만 알차게 알아보세요. 사람들의 발길이 닿지 않은 곳으로 떠나고 싶다면 로스 프라일레스 해변으로 가서 청록색 바다와 절벽에서 내려다보이는 풍경을 감상하세요. 사진으로 남길 가치가 있습니다. 만타에서 약 1시간 거리에 있지만, 가는 시간이 아깝지 않은 곳입니다.","나이트라이프, 기항지 투어, 휴식",https://dynamic-media-cdn.tripadvisor.com/media/photo-o/10/5f/c6/c9/vista-desde-el-faro.jpg?w=500&h=400&s=1
카사블랑카,"카사블랑카는 모로코의 경제 중심지로 아름다운 해안과 현대적인 건축물로 유명합니다. 모하메드 오두아드 모스크(Mohammed V Mosque)는 아랍식 어키텍처로 눈길을 끌며, 아틀란틱 오션 프런트의 산책로는 휴식하기에 좋습니다. 레알 더트 마켓과 갤러리는 모로코 현대 예술을 즐길 수 있는 장소입니다. 또한, 해산물 요리와 타지인(Tajine) 요리가 인기 있습니다. 카사블랑카는 모로코의 다양한 매력을 경험하고 싶은 이들에게 이상적인 여행지입니다.","역사 투어, 4WD 투어, 문화체험 투어",https://dynamic-media-cdn.tripadvisor.com/media/daodao/photo-o/16/fc/e3/94/photo4jpg.jpg?w=500&h=400&s=1
산티아고,"산티아고는 다양한 볼거리가 많은 대도시입니다. 벨라비스타에는 펑키한 분위기의 카페와 클럽이 즐비하고, 포레스트 파크에는 콜롬부스 이전의 시대에서부터 현대에 이르는 다양한 아트 컬렉션이 전시되어 있습니다. 또한, 16세기의 샌프란시스코 교회 건물에서부터 전면이 글래스인 최고층 빌딩까지 다양한 타입의 건축물을 볼 수 있습니다. 현지 사람들이 즐겨찾는 파노라미코 몰의 상점에서 맛도 좋고 양도 많은 칠리 요리를 즐겨보시기 바랍니다.","와인 시음, 역사 투어, 바, 문화체험 투어",https://dynamic-media-cdn.tripadvisor.com/media/photo-o/0e/af/0e/ab/fachada-do-palacio.jpg?w=500&h=400&s=1
타이페이,번화한 대도시인 타이페이에서는 햇빛에 빛나는 고층 건물과 향 연기로 가득한 고대 사원을 나란히 마주할 수 있습니다. 시먼딩 거리에서 쇼핑하기 전 타이페이 101 위에서 내려다보며 하루를 즐겨보세요. 물론 버블티 한 잔을 손에 들고 말이죠. 밤이 되면 야시장의 수많은 가게를 가로지르며 다양한 음식을 맛보세요. 특대형 프라이드치킨 커틀릿에서 강렬한 냄새를 풍기는 두부 요리까지 이곳의 길거리 음식은 중독성이 있어 더 많이 찾게 될 것입니다.,"자연 및 야생동물 서식지 투어, 쇼핑, 바, 커피 & 차 투어",https://dynamic-media-cdn.tripadvisor.com/media/photo-o/1b/33/f3/33/caption.jpg?w=500&h=400&s=1
두바이,"초현대적인 부르즈 할리파부터 귀금속을 파는 상점으로 가득 찬 시장과 쇼핑몰에 이르기까지 두바이에서는 모든 것이 정말 멋집니다. 상상할 수 있는 모든 것을 실현할 수 있습니다. 예를 들어 실내 스키와 사막의 모래 언덕 서핑, 도시 상공에서 즐기는 집라인이 있습니다. 하지만 화려하고 아드레날린 넘치는 체험만 있는 것은 아닙니다. 알 파히디 역사지구의 구불구불한 골목을 거닐며 19세기 중반 두바이의 모습을 구경하세요. 또는 무슬림이 아닌 사람들에게 개방된 몇 안 되는 모스크 중 하나인 주메이라 모스크에 방문하여 에미리트 문화에 대해 알아보세요. 주메이라 비치 로드에서 거리 예술을 감상하고 샤와르마 가게에서 간단한 식사를 하거나 향신료와 향수를 찾아 하루를 보내고 미슐랭 스타 식당에서 식사를 하세요. 이 외에 더 많은 추천 정보를 아래에서 확인하세요.","사하라 사막 사파리,두바이 해변 리조트 휴양,버즈 칼리파 타워 관람",https://dynamic-media-cdn.tripadvisor.com/media/photo-o/12/f7/4e/49/dubai.jpg?w=1000&h=600&s=1
발리,"북쪽의 세쿰풀처럼 숨 막히게 아름다운 폭포부터 남쪽 냥냥의 백사장에 이르기까지 발리는 하나의 작은 섬이지만 볼거리가 정말 많습니다. 바투 볼롱의 서퍼를 위한 파도, 스미냑의 나이트클럽, 누사두아의 호화로운 절벽 위 호텔, 섬 곳곳의 영적인 장소들까지, 원하는 모든 것을 찾을 수 있을 것입니다. 천국의 문에서 사진을 찍고, 정글을 지나 숨겨진 구눙 카위 사원에 가고, 울루와뚜 사원에서 일몰과 전통 불춤을 감상하세요. 시장은 반드시 방문해야 합니다. 수카와티 아트 마켓에서 수공예 예술품과 직물을 구경하거나 신두 야시장에서 사테와 박소와 같은 길거리 음식을 간식으로 즐겨보세요. 더 많은 먹거리와 즐길거리를 확인하려면 아래 추천 정보를 확인하세요.","기항지 투어, 래프팅, 스파, 문화체험 투어",https://dynamic-media-cdn.tripadvisor.com/media/photo-o/2a/c7/90/94/caption.jpg?w=500&h=400&s=1
런던,"런던은 예술, 역사, 문화 등 분야를 가리지 않고 모든 것의 중심에 있는 거대한 도시입니다. 하지만 다른 주요 중심지와 차별화되는 점은 지역마다 고유한 분위기가 있다는 점입니다. 켄싱턴에서 가족과 함께 오후를 보내세요. 박물관, 공원, 그 외에도 어린이들이 좋아할 만한 즐길거리가 많이 있습니다. 또는 세련된 쇼디치에서 멋진 상점과 거리의 벽화(사진 촬영에 안성맞춤)를 구경한 다음 소호로 가서 펍에서 맥주 한 잔을 마시거나 클럽에서 새벽까지 파티를 즐길 수 있습니다. 음식도 빼놓을 수 없습니다. 피시 앤 칩스뿐만 아니라 런던에 크게 자리 잡은 방글라데시 커뮤니티 덕분에 차원이 다른 카레 전문점(브릭 레인의 수많은 음식점 중에서 선택)이 있으며 호화로운 메이페어에는 유명 셰프가 운영하는 음식점이 점점 더 늘고 있습니다. 항상 새로운 일이 일어나고 있으며 아래에 더 많은 추천 정보가 있습니다.","역사 투어,바이크 투어,문화체험 투어",https://dynamic-media-cdn.tripadvisor.com/media/photo-o/15/33/f5/de/london.jpg?w=500&h=400&s=1
하노이,"매력적인 수도 하노이는 구시가와 유적, 식민 양식 건축물 등 오랜 역사의 숨결이 깃든 도시이자 개발의 진척과 더불어 현대적인 도시로서의 면모도 갖추어나가고 있습니다. 탕롱을 비롯하여 도시의 명칭이 수차례 변경되기도 하였으나, 호치민 영묘나 호아로 감옥 등 역사적인 유산은 변함없이 그 모습을 간직하고 있습니다. 호수와 공원, 가로수 그늘이 드리워진 대로, 600여 개의 사원과 파고다 등을 택시를 타고 손쉽게 둘러볼 수 있으며 곳곳에서 도시의 매력을 느낄 수 있습니다.","나이트라이프, 2일 이상 투어, 2일 이상 크루즈 여행, 카약 투어",https://dynamic-media-cdn.tripadvisor.com/media/photo-o/28/5a/96/cb/cite-imperiale-d-hanoi.jpg?w=500&h=400&s=1
로마,"로마가 세계에서 가장 많은 사람이 방문하는 장소 중 하나인 이유를 쉽게 알 수 있습니다. 온 도시에 유적이 있고(판테온, 콜로세움 등), 거의 모든 광장에 걸작 조각이 있으며, 물론 말도 안 되게 맛있는 음식이 있습니다. 모든 여행이 폭풍처럼 느껴질 수 있지만 여유를 가지고 속도를 늦추어 보면 많은 놀라운 모습들을 발견하게 될 것입니다. 트라스테베레에서 일요일 아침을 보내고 포르타 포르테세 벼룩시장에서 빈티지 물건을 찾아보세요. 아니면 학생들이 많이 사는 매력적인 분위기의 산 로렌조에 가 보세요. 트렌디한 상점, 갤러리, 거리 예술을 볼 수 있습니다. 저녁 식사 시간이 아직 늦지 않았으니 프라티에서 식전주를 드셔보세요. 바티칸에서 걸어갈 수 있고 거리에는 이색적인 술집이 즐비합니다. 에너지가 넘치는 곳이니 휴식이 필요하면 (말 그대로) 언덕으로 향하세요. 녹음이 우거진 아벤티노 언덕에서 평화로운 정원과 도시의 최고 전망을 누리세요. 항상 체험해 볼 즐길거리가 있으며 아래에 더 많은 추천 정보가 있습니다.","역사 투어,예술 감상,문화체험 투어,베시카 투어",https://dynamic-media-cdn.tripadvisor.com/media/photo-o/1c/c9/6c/08/caption.jpg?w=500&h=400&s=1
파리,"파리는 로맨틱한 휴가를 보낼 수 있는 도시로 정말 유명합니다. 하지만 방문자들의 마음을 사로잡는 것은 파리 그 자체입니다. 거대한 석재와 연철로 지어진 건물, 아늑한 카페가 가득한 거리, 센강의 굽이굽이 있는 강둑은 영화의 한 장면 같습니다. 하지만 이 도시의 매력은 눈에 보이는 것만이 아닙니다. 요리 문화가 풍성하여 닭고기를 푹 고아 만든 푸짐한 코코뱅, 황금빛 버터 크루아상 등 꼭 맛봐야 할 프랑스 음식 목록은 끝이 없습니다. 현대적인 퓨전 요리와 세계 각국의 독창적인 요리도 꼭 맛보세요. (파리에서 맛보는 팔라펠은 단연코 훌륭합니다.) 골목길을 헤매고, 천천히 박물관을 구경하고, 미로 같은 상점들을 둘러보며 파리 여행의 진정한 묘미를 느껴보세요. 해가 지면 샹 드 마르로 향하여 어둠 속에 반짝이는 에펠 탑의 탁 트인 전망을 감상하세요.","문화체험 투어,역사 탐방,시내 배낭 여행,음식 투어",https://dynamic-media-cdn.tripadvisor.com/media/photo-o/1c/c2/86/0e/caption.jpg?w=500&h=400&s=1
칸쿤,"칸쿤은 봄방학을 맞은 학생들(그리고 마음만은 언제나 봄인 분들)에게 꽤 잘 알려진 곳입니다. 즐거움 가득한 분위기, 길게 펼쳐진 리조트, 밤새 이어지는 밤문화는 맛보기에 불과합니다. 이 도시는 휴가객을 위한 종합선물 세트라 해도 과언이 아닌 멕시코의 명소입니다. 벨벳같이 부드러운 해변은 카리브해가 선사하는 최고의 선물로 손꼽히며, 스쿠버 다이버와 스노클링 애호가는 500점 이상의 조각상이 거대한 수중 박물관을 이루고 있는 수바쿠티코 데 아르테 박물관을 비롯해 다양한 바다 액티비티를 즐길 수 있습니다. 도시 외곽에 있는 치첸이트사 피라미드 같은 유적지에서는 이 지역의 신성한 마야 유산에 심취할 수 있습니다.","기항지 투어, 래프팅, 스파, 문화체험 투어",https://dynamic-media-cdn.tripadvisor.com/media/photo-o/1c/ae/5d/ec/caption.jpg?w=500&h=400&s=1
마라케시,"활기차고 사람들로 북적이는 마라케시는 그 자체만으로 에너지가 충만합니다. 이곳이 모로코에서 가장 많은 사람들이 방문하는 도시인 데에는 이유가 있습니다. 마라케시의 중심지를 확인하려면 번화한 분위기의 메디나로 향하세요. 성벽으로 둘러싸여 있으며 도시의 중심 광장으로 사용되는 유서 깊은 지역입니다. 메디나에서 경험할 것이 너무 많아서 결정하기 힘들다면 시장에서 현지 상품을 둘러보고, 무어 건축물을 감상하고, 길거리 음식을 배불리 먹으며 메디나에 빠져 보세요. 느긋하게 마라케시를 음미하고 싶으신가요? 그렇다면 시크릿 가든, 바히아 궁전, 테크니컬러로 유명한 마조렐 정원 같은 곳에 들러보세요. 너무나도 멋진 풍경과 함께 여유로운 분위기를 즐길 수 있습니다. 그리고 언제든지 마라케시에 많은 고급 스파나 편안한 터키식 목욕탕 중 한 곳에서 시간을 보낼 수 있습니다. 아래에서 꼭 가봐야 할 명소들을 둘러보세요.","역사 투어, 4WD 투어, 문화체험 투어",https://dynamic-media-cdn.tripadvisor.com/media/photo-o/1b/33/dd/8f/caption.jpg?w=500&h=400&s=1
크레타,"크레타 섬은 터키석처럼 푸른 빛깔의 바다에 떠 있는 그리스의 보석입니다. 푹신한 모래사장과 부드러운 조약돌로 이어진 해변은 무척 아름답습니다. 이 섬은 역사적인 중요성과 신화적인 가치를 지니고 있습니다. 크레타 섬은 신들의 왕인 제우스가 태어난 곳으로 알려져 있으며, 유럽 최초의 현대 문명이 발생한 곳입니다. 고고학적인 가치를 지닌 역사적 장소가 가득한 이 섬의 뜨거운 태양 아래에서 환상적인 휴식을 경험해 보십시오.","나이트라이프, 2일 이상 투어, 2일 이상 크루즈 여행, 카약 투어",https://dynamic-media-cdn.tripadvisor.com/media/photo-o/01/9d/52/cf/heraklion-son-port-et.jpg?w=500&h=400&s=1
호이안,"호이안은 베트남 중부 해안에 자리 잡은 항구 도시로, 15~19세기에 이르는 기간 동안 국제 무역항으로의 역할을 하였으며, 지금도 그 당시의 면모가 잘 보존되어 있습니다. 이 도시는 예전부터 백팩커들이 즐겨찾는 곳이었으며, 관광지로서의 인지도가 점차적으로 높아지고 있습니다 . 매월 음력 14일에는 전통적인 제등 축제가 열리며, 관광 명소로는 내원교(일본교), 꾸안 꽁 사원 등이 있습니다. 그리고, 이 지역의 유명한 오더 메이드 양복점에서 원하는 맞춤 옷을 구입해보는 것도 좋을 것입니다.","쇼핑, 역사 투어, 사파리, 문화체험 투어",https://dynamic-media-cdn.tripadvisor.com/media/photo-o/0d/b4/95/1e/20161110-163943-largejpg.jpg?w=500&h=400&s=1
뉴델리,"뉴델리는 혼란스러우면서도 고요한 곳으로, 판잣집이 즐비한 거리를 소들이 배회하는 복잡한 도시입니다. 17세기 레드 포트에는 돔과 포탑이 가득하고 찬드니 초크에서는 친숙한 풍경의 흥정이 활발히 벌어집니다. 잔타르만타르에는 현재까지도 기상 예측에 쓰이는 사람보다 큰 해시계와 천문 기구가 모여 있습니다. 관광객과 현지인이 제1차 세계대전과 세 번째 아프가니스탄 전쟁에서 전사한 군인들을 기리는 인디아 게이트에 모여듭니다.","2일 이상 투어, 역사 투어, 예술 및 역사, 문화체험 투어",https://dynamic-media-cdn.tripadvisor.com/media/photo-o/24/03/3f/fd/caption.jpg?w=500&h=400&s=1&cx=2294&cy=1952&chk=v1_c3b28b866491ff3722ce
이스탄불,"수 세기 동안 다양한 문화가 이스탄불에 영향을 미쳤습니다. 오늘날 이스탄불의 마할라(마을)를 둘러보며 이러한 문화의 영향을 직접 경험할 수 있습니다. 술탄아흐메트의 신성한 장소, 베이올루의 우아한 19세기 유럽 스타일, 니샨타쉬의 최신 유행 스타일, 카디코이의 활기찬 카페 모임, 베식타스의 축구 기념 거리 등 이스탄불의 곳곳을 둘러보면 여행자들이 이스탄불을 하나의 도시가 아닌 여러 도시의 융합이라고 말하는 이유를 쉽게 이해할 수 있습니다.","나이트라이프, 역사 투어, 바, 문화체험 투어",https://dynamic-media-cdn.tripadvisor.com/media/photo-o/1b/33/f6/60/caption.jpg?w=500&h=400&s=1
쿠스코,"돌로 건축된 쿠스코의 거리에는 잉카 제국 시대의 건물과 안데스 바로크 양식의 건물이 혼재합니다. 그 전형적인 건축물이 아르마스 광장 옆에 세워진 코리칸차 신전과 산토 도밍고 교회입니다. 아메리카 인디언 문화와 메스티소 문화가 녹아든 이 고지대에서 놀라운 유적지를 탐험하고, 시장에서 아름다운 전통 직물을 발견하고, 고급 요리에서 현지 음식에 이르기까지 페루의 훌륭한 요리를 즐길 수 있습니다.","시티 투어, 역사 투어, 바, 문화체험 투어",https://dynamic-media-cdn.tripadvisor.com/media/photo-o/15/33/fc/ba/cusco.jpg?w=500&h=400&s=1
바르셀로나,"바르셀로나의 역사, 예술 및 건축물은 기대를 충족합니다. 가우디의 상징적인 사그라다 파밀리아 성당, 피카소 박물관, 고딕 지구가 있으니까요. 하지만 랜드마크와 번화한 상업 거리 너머를 보면 말 그대로 도시를 둘러싼 자연이 눈길을 사로잡습니다. 한쪽에는 근처 발레아레스 제도와 누가 더 아름다운지 치열한 접전을 벌이는 멋진 모래사장이 5km나 펼쳐져 있고, 다른 한쪽에는 세계에서 가장 큰 도시 공원 중 하나인 콜세롤라 공원이 있는 세라 데 콜세롤라 산맥이 있습니다. 자전거 문화가 번성하는 데는 이유가 있습니다. 290km가 넘는 자전거 도로를 따라 카탈루냐의 수도를 쉽게 둘러볼 수 있기 때문입니다. 개선된 람블라 거리에서 자전거를 타며 소박한 오후를 보내고(보행자 전용 구간에서는 자전거에서 내려 걸어야 합니다.) 타파스와 샹그리아를 맛보세요. 이 모든 것을 할 수 있으며 아래에 더 많은 아이디어가 있습니다.","가우디 건축 투어,공원 피크닉,타파스 투어",https://dynamic-media-cdn.tripadvisor.com/media/photo-o/1c/ae/5d/da/caption.jpg?w=500&h=400&s=1
방콕,"피할 수 없으면 즐기세요. 방콕은 그만큼 강렬합니다. 사원들은 인파로 붐비고 아침 일찍부터 길거리 음식이 지글지글 익어갑니다. 열기는 끝이 없이 이어집니다. 팟퐁 엔터테인먼트 지구부터 화려한 루프탑 바까지 이어지는 화려한 밤 문화 역시 유명합니다. 호기심이 많고 끝없는 에너지를 받고자 하는 여행자에게 방콕만 한 곳은 없습니다. 왓 포의 거대한 금불상과 왓 아룬의 장엄한 경치에 압도당해 보세요. 짜뚜짝 주말 시장에서 토요일 기념품을 찾아보는 것도 좋습니다. 저녁이 되면 차이나타운의 노점에서 카오 겝이나 쿠에이 쨈을 즐긴 다음, 힙한 거리인 쏘이 나나에 있는 여러 바를 돌아다녀 보세요. 강행군에 지쳐 에너지 재충전이 필요하다면 전통 태국 마사지를 예약하세요. 방콕의 몇 안 되는 녹지 중 하나인 룸피니 공원에서 휴식을 취할 수도 있습니다. 여기서 끝이 아닙니다. 아래에서 더 많은 추천 정보를 확인하세요.","왕궁 투어,태국 요리 수업,차이나타운 탐험",https://dynamic-media-cdn.tripadvisor.com/media/photo-o/1c/c2/78/15/caption.jpg?w=500&h=400&s=1
도미니카공화국,"쿠바, 푸에르토리코와 같은 바다에 놓인 도미니카 공화국이 아이티와 공유하는 섬 동부의 3분의 2를 차지하고 있습니다. 다양한 동굴, 빅토리아 양식의 진저브레드 하우스, 해적 이야기로 가득 찬 1448킬로미터에 달하는 해안에 둘러싸인 이 섬은 멋진 장관을 제공하며 하이라이트는 Mount Isabel de Torres로 올라가는 케이블카 타기와 멋진 Saona Island에서 일광욕 즐기기 등입니다. 또한 도미니카 공화국은 가족 여행에 적합하며 날씨가 좋고 비용도 저렴합니다.","바이오 디버시티 탐방,자연 보호구역 등반,코럴 리프 스노클링",https://dynamic-media-cdn.tripadvisor.com/media/photo-o/21/65/5f/4b/caption.jpg?w=500&h=400&s=1&cx=1321&cy=849&chk=v1_14f7826859b4f964e5b2
플라야 델 카르멘,"한때 조용한 어촌 마을이었던 플라야 델 카르멘은 이제 그 자체로 리비에라 마야의 여행지가 되었습니다. 이곳에는 활기찬 바와 멋진 부티크가 현지 멕시코 식당, 세련된 고급 호텔과 나란히 자리 잡고 있습니다. 이 모든 것은 칸쿤 해안에서 볼 수 있는 것보다 좀 더 정통 멕시코 스타일에 가깝다고 할 수 있습니다. 낮에는 해변에서 놀거나 페리를 타고 가서 코수멜 섬을 구경하고, 밤에는 라 퀸타(시내 주요 보행자 전용 도로)를 천천히 거닐며 사람들을 구경하고 훌륭한 마가리타를 즐기세요. 이 모든 것으로도 아직 충분하지 않다면 해안 가까이에서 환상적인 다이빙과 스노클링을 즐겨보세요. 코바 타워의 고대 유적지도 근처 내륙의 정글에 있습니다.","해변 휴양, 스노클링, 서핑",https://dynamic-media-cdn.tripadvisor.com/media/photo-o/1c/c0/ad/21/caption.jpg?w=500&h=400&s=1
푸켓,"열대 해변, 숨겨진 사원, 지역 시장과 흥겨운 리듬이 터지는 클럽. 푸껫은 낮에는 여유롭다가 밤에는 활기를 되찾는 사람들을 유혹하는 섬입니다. 내륙에 있는 푸껫 타운에서는 고추와 블루 진저 향이 나는 요리를 맛볼 수 있으며, 옛 구역을 산책하다 보면 켜켜이 쌓인 과거의 시간으로 들어가는 문이 열립니다. 규모와 지리적 위치에도 불구하고, 푸껫은 럭셔리 여행자는 물론 적은 예산으로 여행하는 사람들까지 언제든 만족시킬 수 있는 다양한 식사와 숙박시설, 모험으로 가득합니다.","자연 및 야생동물 서식지 투어, 리조트, 제트 보트 대여, 스노클링",https://dynamic-media-cdn.tripadvisor.com/media/photo-o/1b/4b/5d/c8/caption.jpg?w=500&h=400&s=1&cx=2606&cy=1838&chk=v1_a61182fd4040ed4ecc4e
후르가다,"멋진 산호초와 터키석처럼 아름다운 빛깔의 푸른 바다가 펼쳐지는 후르가다. 이집트의 홍해 연안에 위치한 이 마을은 윈드 서퍼들에게 인기가 높은 리조트지입니다. 아름다운 기프톤 섬과 동부 사막 지역으로의 접근성이 좋으며, 최근 10년 동안 관광지로서 개발이 진척됨에 따라 때로는 관광객들로 넘쳐나는 경우도 있습니다. 유럽 여행객들이 비교적 찾아오기 쉬운 곳에 위치한 비치 리조트로, 세계적으로 유명한 다이빙과 슈노켈 스폿이 있습니다. 구시가지의 에루 다하르를 돌아보기에는 도보나 택시가 편리합니다.","해변 휴양, 스노클링, 다이빙",https://dynamic-media-cdn.tripadvisor.com/media/photo-o/15/33/fc/eb/hurghada.jpg?w=500&h=400&s=1
마드리드,"스페인 한복판에 활기찬 분위기의 마드리드가 있습니다. 마치 동화 속 수도와도 같은 곳이죠. 마드리드 안의 여러 지역은 모두 저마다 독특한 매력을 갖고 있습니다. 말라사냐에서는 힙한 분위기를 느낄 수 있습니다. 고풍스러운 상점들이 가득하지만 해가 진 후에는 클럽을 찾는 사람들로 붐빕니다. 살라망카에는 고급 음식점과 최고급 부티크가 늘어서 있고, 라바피스에서는 미로처럼 가파르고 가파른 거리에 정통 음식점이 줄지어 있으며 수많은 사람들이 오고 갑니다. 마드리드의 인기 랜드마크도 놓치지 마세요. 몇몇 유명한 장소들로는 푸에르타 델 솔 중심부, 레이나 소피아 및 프라도 박물관, 마요르 광장에 있는 큰 곰 동상이 있습니다. 오후 10시에는 현지인들이 흔히 그러듯 타파스로 하루를 마무리하세요. 그 후에 원한다면 바와 클럽을 방문할 수도 있습니다. 아래에서 더 많은 마드리드 추천 정보를 확인하세요.","미술관 투어, 음식 탐방, 현지 시장 방문",https://dynamic-media-cdn.tripadvisor.com/media/photo-o/1c/c0/af/ab/caption.jpg?w=500&h=400&s=1
시엠립,"아침 해가 풀이 무성한 앙코르와트의 사원과 폐허를 비추는 시엠립의 일출은 그 자체로 심오한 느낌을 줍니다. 이 오래된 건축물은 세계에서 가장 큰 종교 단지 중 하나이기도 합니다. 앙코르와트와 12세기의 앙코르톰 왕국은 시엠립을 방문하는 주된 이유로 꼽힙니다. 캄보디아 문화 마을에서 역사를 배우고 앙코르 야시장, 줄지어 있는 쇼핑 가게, 먹거리 노점상과 바에서 흥정 기술을 배우세요.","역사 투어,예술 및 역사,역사 유물 탐방,스파",https://dynamic-media-cdn.tripadvisor.com/media/photo-o/15/33/fc/e0/siem-reap.jpg?w=500&h=400&s=1
리스본,"일곱 개의 언덕으로 둘러싸인 이 도시는 걸어 다니며 둘러보기에 더없이 좋으며 유럽의 인기 많은 수도에 대한 매혹적인 대안이 됩니다. 생기가 넘치는 밤문화, 흥겨운 시장, 활기찬 박물관이 있는 리스본에는 포르투에서 마신 술 몇 잔과 넉넉히 담긴 바칼랴우 한 그릇, 며칠간 먹은 파스테이스 데 나타로 싸인 칼로리를 태울 방법이 수없이 많이 있습니다.","역사 탐방, 페로 탐험, 포르투갈 와인 시음",https://dynamic-media-cdn.tripadvisor.com/media/photo-o/1c/bf/6d/43/caption.jpg?w=500&h=400&s=1
암스테르담,"그림 같은 운하와 다리부터 유서 깊은 가옥에 이르기까지, 암스테르담은 동화 속에 나올 법한 도시입니다. 마을 주변에 세워진 밝은 색 자전거와 튤립 가판대도 분위기를 더합니다. 안네 프랑크의 집과 반 고흐 미술관, 세계 유일의 수상 꽃시장은 꼭 가봐야 할 인기 명소입니다. 현지인처럼 자전거를 빌려 타고 여기저기 돌아다니세요. 어떤 분들은 암스테르담에서 흔히 보이는 현지 커피숍에 앉아서 시간을 보내고 싶을지도 모릅니다. 아래에서 더 많은 추천 정보를 확인하고 여행을 최대한 즐기세요.","운치 있는 운하 투어, 미술관 탐방, 자전거 탐험",https://dynamic-media-cdn.tripadvisor.com/media/photo-o/28/74/c9/cf/caption.jpg?w=500&h=400&s=1
카트만두,네팔의 수도 카트만두는 고대 사찰과 신전 그리고 아름다운 전통 마을을 품은 산지로 둘러싸여 있습니다. 유서깊은 건축물이 많은 더르바르 광장에서는 지역민의 문화와 동물들을 가까이서 접할 수 있습니다. 활기가 넘치는 타멜 지구에서는 산악 트랙킹 그룹에 참여해 보는 것도 좋습니다. 거리의 상점과 기념품 가게에는 현지 예술가가 제작한 그림이나 카펫 등 이국적인 물건들이 즐비합니다.,"나이트라이프,하이킹 투어,4WD 투어,문화체험 투어",https://dynamic-media-cdn.tripadvisor.com/media/photo-o/1b/9d/b0/c2/kathmandu.jpg?w=500&h=400&s=1
뉴욕,"초고층 빌딩, 최대 규모의 박물관, 가장 맛있는 피자가 있는 뉴욕은 최고의 도시입니다. 어느 것이든 그 기대에 부응합니다. 눈부신 브로드웨이의 광경에서 MoMA의 세계 정상급 갤러리, 소호의 부티크, 세계 각지의 요리를 맛볼 수 있는 다양한 레스토랑까지 뉴욕을 방문할 때마다 또 다른 모습을 발견할 수 있습니다. 하지만 이러한 상징적인 랜드마크 너머에서 뉴욕의 비밀스러운 면모가 펼쳐집니다. 몇 발짝만 가도 인디 빈티지 숍과 현지인이 이용하는 브런치 명소를 우연히 발견할 수 있습니다. 너무 많은 인파와 소리가 견딜 수 없을 때는 그냥 위를 올려다보세요. 그 스카이라인은 애초에 왜 뉴욕에 왔는지 상기시켜 줄 것입니다.","도심 탐방, 브로드웨이 공연 감상, 세계적인 미술관 방문",https://dynamic-media-cdn.tripadvisor.com/media/photo-o/1c/c5/7c/68/caption.jpg?w=500&h=400&s=1&cx=950&cy=1766&chk=v1_9ee2771da71f55a7ac6a
카트만두,네팔의 수도 카트만두는 고대 사찰과 신전 그리고 아름다운 전통 마을을 품은 산지로 둘러싸여 있습니다. 유서깊은 건축물이 많은 더르바르 광장에서는 지역민의 문화와 동물들을 가까이서 접할 수 있습니다. 활기가 넘치는 타멜 지구에서는 산악 트랙킹 그룹에 참여해 보는 것도 좋습니다. 거리의 상점과 기념품 가게에는 현지 예술가가 제작한 그림이나 카펫 등 이국적인 물건들이 즐비합니다.,"나이트라이프,하이킹 투어,4WD 투어,문화체험 투어",https://dynamic-media-cdn.tripadvisor.com/media/photo-o/1b/9d/b0/c2/kathmandu.jpg?w=1000&h=600&s=1
하롱베이,"여행자들은 아름다운 기암괴석과 동굴을 가까이서 직접 보기 위해 하롱베이를 찾습니다. 수세기에 걸쳐 바람과 물의 침식 작용을 받아 형성된 독특한 지형은 경탄을 자아내게 합니다. 일대를 관광하기 위해 그룹 투어에 참여하는 방법도 있지만, 직접 카약이나 정크 보트를 빌릴 수도 있습니다.","자연 및 야생동물 서식지 투어, 스탠드업 패들 보딩, 스파, 카약 투어",https://dynamic-media-cdn.tripadvisor.com/media/photo-o/2a/7e/e1/68/caption.jpg?w=500&h=400&s=1
후르가다,"멋진 산호초와 터키석처럼 아름다운 빛깔의 푸른 바다가 펼쳐지는 후르가다. 이집트의 홍해 연안에 위치한 이 마을은 윈드 서퍼들에게 인기가 높은 리조트지입니다. 아름다운 기프톤 섬과 동부 사막 지역으로의 접근성이 좋으며, 최근 10년 동안 관광지로서 개발이 진척됨에 따라 때로는 관광객들로 넘쳐나는 경우도 있습니다. 유럽 여행객들이 비교적 찾아오기 쉬운 곳에 위치한 비치 리조트로, 세계적으로 유명한 다이빙과 슈노켈 스폿이 있습니다. 구시가지의 에루 다하르를 돌아보기에는 도보나 택시가 편리합니다.","돌고래와 함께 수영, 리조트, 스파, 고래 구경",https://dynamic-media-cdn.tripadvisor.com/media/photo-o/2a/94/6c/bc/willkommen-bei-obelisk.jpg?w=500&h=400&s=1
모리셔스,"모리셔스는 아프리카에서 가장 관광 거리가 풍부한 열대 천국입니다. 가로와 세로가 각각 61킬로미터와 47킬로미터인 이 섬의 현대 수도인 포트 루이스는 다시 활성화된 부둣가와 분주한 시장으로 북적거리는 항구입니다. 하지만 대부분의 방문객은 몽슈아지, 조용한 트루 오 비슈 그리고 스쿠버 다이버에게 인기가 많은 보다 분주한 Flic en Flac과 같은 리조트 지역으로 향합니다. 리비에르 누아는 심해 낚시를 원하는 사람에게 이상적입니다.","제트 보트 대여, 스파, 로맨틱 투어, 스노클링",https://dynamic-media-cdn.tripadvisor.com/media/photo-o/15/33/fb/49/mauritius.jpg?w=500&h=400&s=1
롬복,"롬복이 만약 세계 어느 다른 곳에 있었다면 모든 사람의 버킷리스트에 올랐을 것입니다. 하지만 발리의 바로 동쪽에 있기 때문에 롬복의 인적이 드문 만, 끝없이 이어진 크림색 해변, 믿을 수 없을 정도로 무성한 잎사귀 사이로 부서지는 폭포에 관해 들어본 사람은 거의 없습니다. 하지만 그만큼 여유롭기 때문에 여행하기 정말 좋습니다. 바운 푸삭의 숲속에서 야생 마카크 원숭이를 발견하거나 길리 메노 주변에서 뒤에 연결된 안전줄을 느끼지 못할 만큼 자유롭게 푸른 바다거북, 매부리 바다거북과 함께 바다 위를 떠다닐 수 있습니다. 인도네시아의 롬복에는 발리와는 비교할 수 없을 만큼 좋은 장점이 있습니다. 바로 칼데라 안에 거대한 호수가 있는 활화산 린자니입니다. 이른 아침에 하이킹하면 바다 위로 해가 떠오르는 광경을 볼 수 있습니다.","자연 및 야생동물 서식지 투어, 하이킹 투어, 등반, 서핑 레슨",https://dynamic-media-cdn.tripadvisor.com/media/photo-o/01/18/1d/76/beach-in-front-of-novotel.jpg?w=500&h=400&s=1
카우아이,"비교적 상업화되지 않은 “가든 아일랜드”인 카우아이는 때 묻지 않은 자연 그대로의 아름다움과 느긋한 하와이 정신을 간직하고 있습니다. 폭포, 경치 좋은 드라이브 길, 60곳 이상의 해변이 곳곳에 있어 스노클링, 수상 스포츠뿐 아니라 아이들이 놀기에 좋은 얕은 조수 웅덩이를 만날 수 있습니다. 나팔리 해안을 따라 즐기는 칼랄라우 트레일 하이킹에서 자연의 아름다움을 둘러보고 와이메아 캐니언으로 당일 여행을 떠나며 그로브팜 홈스테드 박물관에서 사탕수수 농장 체험을 즐기세요.","쇼핑, 카약 투어, 고래 구경, 스노클링",https://dynamic-media-cdn.tripadvisor.com/media/photo-o/1b/36/37/4b/caption.jpg?w=500&h=400&s=1
잔지바르,"탄자니아 앞바다에서 15마일 정도 떨어진 인도양에 위치한 잔지바르 아키펠라고는 인간 세계와 동떨어진 곳으로 숨 막힐 듯 아름다운 풍경을 자랑합니다. 맑은 청록빛의 바다, 물놀이에 좋은 얕은 모래톱, 그리고 관광객이 거의 방문하지 않는 근처의 여러 작은 무인도를 즐길 수 있습니다. 세계 문화 유산으로 지정된 스톤타운(잔지바르 시의 구시가지 구역)을 방문해 보세요. 또는 아름다움을 비길 데 없는, 작은 어촌 사이의 해안가를 여기저기 거닐어 볼 수도 있습니다.","역사 투어, 리조트, 사파리, 문화체험 투어",https://dynamic-media-cdn.tripadvisor.com/media/photo-o/2a/f7/42/52/zanzibar.jpg?w=500&h=400&s=1
그랜드케이맨,"케이맨 제도에서 가장 큰 섬인 그랜드 케이맨에서는 누구나 휴가의 느긋함을 만끽할 수 있습니다. 여러 아름다운 해변 중에서도 세븐마일 비치와 스미스 코브에서는 일광욕과 모래사장을 마음껏 즐길 수 있으며, 모래톱인 스팅레이 시티에서는 가오리 군락을 구경할 수 있습니다. 하지만 자연을 가까이에서 직접 볼 수 있는 장소는 여기뿐만이 아닙니다. 불가사리와 거북이는 어디에나 있으며, 종유석이 가득한 동굴과 검은 석회암 지층도 탐험해 볼 수 있습니다. 내륙으로 간다면 화려한 조지타운을 거닐며 쇼핑과 관광을 즐겨 보세요. 케이맨 제도 양조장에서는 맥주를 마실 수 있습니다. 더 많은 볼거리와 즐길 거리가 아래에 소개되어 있습니다.","쇼핑, 나이트라이프, 보트 대여, 스노클링",https://dynamic-media-cdn.tripadvisor.com/media/photo-o/26/79/ef/d2/because-there-s-nothing.jpg?w=500&h=400&s=1
과들루프,"과들루프는 프랑스 해외지역으로 카리브해에 위치한 섬으로, 아름다운 해변과 푸른 바다가 매력적인 관광지입니다. 섬에는 푸아포인트 자연보호구역과 해양 공원 같은 자연 경관이 풍부하며, 스노클링이나 다이빙과 같은 수상 스포츠를 즐길 수 있습니다. 또한, 과들루프는 풍부한 역사와 문화를 자랑하며, 프랑스식과 카리브식 문화가 어우러져 있는 곳입니다.","스탠드업 패들 보딩, 서핑 레슨, 현지 음식, 해변 및 서핑",https://dynamic-media-cdn.tripadvisor.com/media/photo-o/0a/61/86/b5/chute-du-carbet.jpg?w=500&h=400&s=1
크루거 국립공원,"남아프리카 공화국에서 가장 큰 사냥 금지 구역인 크루거 국립 공원은 원래 ""사파리""라는 단어의 유의어입니다. 500종 이상의 조류와, 100종 이상의 파충류, 거의 150종에 이르는 포유동물이 서식하고, 여러 고고학적인 지역이 있으며, 놀라울 정도로 다양한 나무와 꽃이 자라고 있는 크루거는 남아공을 대표하는 국립 공원입니다. 모험을 즐기는 여행객은 사륜구동차를 타고 공원을 둘러보거나, 부시 워킹을 하거나, 열기구를 타고 하늘을 날아볼 수도 있습니다.","개인 & 맞춤형 투어, 리조트, 사파리, 스파",https://dynamic-media-cdn.tripadvisor.com/media/photo-o/14/10/2f/14/kruger-national-park.jpg?w=500&h=400&s=1
마르티니크,"마르티니크도 프랑스 해외지역으로 카리브해에 위치한 섬으로, 아름다운 해안선과 역사적인 도시가 매력적입니다. 섬에는 환상적인 해변과 자연 경관이 풍부하며, 등산이나 스노클링 같은 야외 활동을 즐길 수 있습니다. 또한, 마르티니크는 역사적인 유적지와 프랑스식 가든, 그리고 다양한 문화 행사가 있는 곳으로도 유명합니다.","제트 보트 대여, 문화체험 투어, 현지 음식, 스노클링",https://dynamic-media-cdn.tripadvisor.com/media/photo-o/29/b9/35/a3/martinique.jpg?w=500&h=400&s=1
와디럼,"와디 럼 보호 구역은 완전히 다른 세상 같은 놀라운 풍경을 자랑하며 여행자들은 이곳에서 요르단 사막의 광활한 지역을 다양하게 탐험할 수 있습니다. 모험을 좋아한다면 자연 풍화 작용으로 형성된 아치 지형, 절벽, 붉은 모래 언덕에서 암벽 등반, 샌드보딩 및 다양한 하이킹을 즐길 수 있습니다. 역사 및 문화 관광에 관심이 있다면 현지 베두인 가이드의 안내를 받아 수백 년 된 암면 조각부터 밤하늘의 별을 관측하기 가장 좋은 장소까지 모든 곳을 둘러보세요.","자연 및 야생동물 서식지 투어, 하이킹 투어, 리조트, 사파리",https://dynamic-media-cdn.tripadvisor.com/media/photo-o/15/36/b1/aa/wadi-rum-khazali.jpg?w=500&h=400&s=1
란사로테,아이들이 매년 방문하는 똑 같은 비치에 싫증을 낸다면 이번엔 란사로테에 가보세요. 좋은 비치는 많지만 UNESCO 세계 생물권 보전 지역인 이 곳에서는 독특한 명소와 액티비티를 경험할 수 있습니다. 화산에서 낙타 타기(Timanfaya National Park) 또는 화산 동굴에 있는 음식점에서의 식사(Jameos del Agua)가 바로 그것입니다. 가장 싫증을 많이 내는 십대라도 감탄할 것입니다.,"제트 스키 대여, 나이트라이프, 서핑 레슨, 현지 음식",https://dynamic-media-cdn.tripadvisor.com/media/photo-o/15/33/f7/bb/lanzarote.jpg?w=500&h=400&s=1
메르조가,바람에 날려 구부러진 에르그 셰비의 모래 언덕을 정처 없이 거니는 낙타를 타고 눈부시게 아름다운 일몰 속에서 아랍인의 삶을 경험해 보세요. 모로코 남동부에 있는 작은 마을인 메르주가를 방문하면 사막 생활이 어떠한지 경험할 수 있습니다. 근처 마을까지 트레킹하면 음악과 춤을 비롯한 흥이 나는 아프리카의 파티가 여러분을 기다릴 것입니다. 가이드 투어를 하려면 호텔에 문의하세요.,"사파리, 4WD 투어, 쇼, 콘서트 & 스포츠",https://dynamic-media-cdn.tripadvisor.com/media/photo-o/15/33/fe/97/merzouga.jpg?w=500&h=400&s=1
로아탄,"로아탄은 카리브해의 잘 알려지지 않은 곳 중에서도 특히 멋진 장소입니다. 하얀 모래사장과 아름다운 쪽빛 바다, 수 킬로미터에 달하는 울창한 정글은 다른 섬에도 있지만, 로아탄에서는 다른 섬에서 할 수 없는 특별한 체험을 할 수 있습니다. 스쿠버 다이빙이나 스노클링을 하며 카요스 코치노스에 있는 세계에서 두 번째로 큰 산호초를 보고, 나무늘보 보호구역에서 나무늘보를 안아 보고, 카라 아 카라에서 상어와 수영하고, 카람볼라 식물원에서 원숭이와 함께 시간을 보내세요. 휴식을 취하려면 웨스트 베이의 수많은 전통적인 고급 리조트와 웨스트 엔드의 배낭여행자들로 활기 넘치는 바를 찾아갈 수 있습니다. 수백 년 된 푼타 고르다의 거리 파티에서는 전통 음악, 춤, 로아탄에서 가장 맛있는 카리브해 음식을 맛볼 수 있습니다. 아래에서 트립어드바이저 인기 추천 정보를 모두 찾을 수 있습니다.","나이트라이프, 투어 & 관광, 집라인, 스노클링",https://dynamic-media-cdn.tripadvisor.com/media/photo-o/2a/2c/c6/57/edwin-s-vip-taxi-si-vienes.jpg?w=500&h=400&s=1
코치(코친),"소규모 마을이 남서 해안을 따라 이어져 지금의 코치(또는 코친)를 형성했으며, 출렁이는 일몰을 감상하고 해안가의 상인들이 판매하는 신선한 생선을 구경하며 해안 근처의 여러 섬에서 보트를 타는 등 이 지역 관광객들이 놓쳐서는 안 될 즐길 거리가 많습니다. 아트 센터에서는 전통적인 카타칼리 춤을 감상할 수 있습니다. 16세기 포르투갈인들이 건축한 교회와 요새를 통해 유럽의 분위기를 엿볼 수 있으며, 해안가에 즐비한 특이한 형상의 그물 표식은 초기 중국 상인들의 영향을 느낄 수 있습니다.","기항지 투어, 2일 이상 투어, 문화체험 투어, 휴식",https://dynamic-media-cdn.tripadvisor.com/media/photo-o/0d/de/f0/eb/backwater-tourism.jpg?w=500&h=400&s=1
코수멜,"코수멜은 다이버에게 꿈의 여행지로, 팔랑카르 산호초 및 콜롬비아 산호초와 같은 수중 낙원을 볼 수 있는 곳입니다. 유카탄 반도 앞바다에 있는 이 작은 섬에서의 활동은 대부분 바닷속이나 바닷가에서 이루어지며 특히 여러 해변 클럽에서 종일 열리는 파티가 유명하지만 해안에서 멀리 떨어진 곳에서 즐길 수 있는 체험도 많이 있습니다. 산미겔 도심에서는 훌륭한 식사뿐만 아니라 음식 투어와 요리 강좌와 같은 활동도 체험할 수 있습니다. 더 멀리 당일 여행을 떠나 고대 마야 유적지나 아름다운 파시온 섬을 둘러봐도 좋습니다.","나이트라이프, 4WD 투어, 스노클링, 스쿠버 다이빙",https://dynamic-media-cdn.tripadvisor.com/media/photo-o/1a/bd/c5/b8/atardecer-de-nuestra.jpg?w=500&h=400&s=1
암베르그리스 카예,"암베르그리스 카예는 흥미로울 정도로 충분한 편의 시설을 갖추었지만 스치는 관광객에 걸려 넘어질 만큼 지나치게 개발되지도 않은 딱 적당한 휴양지입니다. 맹그로브 습지는 벨리즈에서 가장 큰 이 화이트 비치 섬의 중심에 있으며 모래 길을 따라 골프 카트가 주요 교통 수단으로 이용되고 있습니다. 산호초 다이버들은 벨리즈 산호초와 블루 홀(전자리 상어, 엘크혼 산호, 크리너 쉬림프 및 종유석이 풍부한 석회암으로 만들어진 122미터 깊이의 원형 동굴)에 군침을 삼킵니다.","나이트라이프, 리조트, 래프팅, 스노클링",https://dynamic-media-cdn.tripadvisor.com/media/photo-o/0e/45/4b/4e/san-pedro.jpg?w=500&h=400&s=1
바베이도스,"캐리비안 해변의 섬나라 바베이도스는 해안에 따라 분위기가 확연히 틀리며, 그 덕분에 로맨틱한 분위기를 선호하는 여행자와 어드벤처를 즐기는 여행자 모두가 만족할 수 있는 여행지입니다. 동쪽 해안은 파도가 거센 반면, 서쪽 해안은 잔잔하여 수영을 즐기기에 적합합니다. 하지만 어느 해안으로 가든 바다는 터키석처럼 푸르고 해변에는 고운 모래가 펼쳐져 있으며, 쾌속 크루즈와 현지의 맛난 요리를 즐길 수 있습니다.","자연 및 야생동물 서식지 투어, 제트 스키 대여, 나이트라이프, 역사 투어",https://dynamic-media-cdn.tripadvisor.com/media/photo-o/12/62/48/32/atlantic-shores.jpg?w=500&h=400&s=1
나탈,"나탈은 브라질의 리우 그란데 두 노르테 주에 있는 도시로, 아름다운 해변과 풍부한 역사를 자랑합니다. 도시 주변에는 발바다 해변과 지드랄 공원 같은 자연 경관이 많으며, 수상 스포츠와 해변에서의 레저 활동이 인기 있습니다. 또한, 나탈은 역사적인 성지와 박물관이 많아 브라질의 문화와 역사를 경험할 수 있는 장소입니다.","예술 및 역사, 바, 4WD 투어",https://dynamic-media-cdn.tripadvisor.com/media/photo-o/18/08/ec/c4/viagem-de-natal-ate-canoa.jpg?w=500&h=400&s=1
세인트 존스,"St. John에서는 환경 친화적인 관광이 활발합니다. 국립 공원에서 야생 동물 관찰, 트레일 하이킹, 화이트 샌드 비치 걷기 등 육지에서도 충분히 다양한 활동이 가능합니다. 바다에서는 환상적인 스노클링, 수영, 수중 사진 촬영까지 즐길 수 있습니다. 결국은 캐리비안 해변이니까요.","쇼핑, 외식 체험, 스노클링, 해변 및 서핑",https://dynamic-media-cdn.tripadvisor.com/media/photo-o/0e/12/90/fb/maho-beach.jpg?w=500&h=400&s=1
케포스,"푼타레나스 지방의 작은 도시인 케포스는 코스타리카의 중앙 태평양 해안에 자리 잡고 있으며, 전 세계에서 대어 스포츠 낚시를 즐길 수 있는 최적의 장소 중 한 곳입니다. 그 뿐만 아니라 케포스는 또한 여행객들에게 다양한 즐길 거리를 제공합니다. 인근 광장에는 여러 멋진 레스토랑과 아트 갤러리 그리고 기념품 가게가 있으며, 대부분 해변가의 베케이션 렌탈에서 걸어갈 수 있는 가까운 거리에 있습니다. 짜릿한 캐노피 투어를 예약하고, 승마, 카약, 래프팅 등을 즐겨 보세요. 서핑을 배우거나, 파도를 타는 서퍼들의 뛰어난 몸놀림에 감탄을 금치 못할 것입니다.","투어 & 관광, 하이킹 투어, 휴식, 에코 투어",https://dynamic-media-cdn.tripadvisor.com/media/photo-o/15/33/fe/b2/quepos.jpg?w=500&h=400&s=1
탕갈레,"탕갈레는 여행자들에게 잘 알려져 있지 않지만 꼭 들러보세요. 이 보석 같은 지역에는 고얌보카 해변 같은 스리랑카 최고의 해변들이 있습니다. 이곳에서 부드럽게 흔들리는 야자수 아래 몇 시간이든 누워 있을 수 있습니다. 원한다면 본격적으로 모험을 즐길 수도 있습니다. 카약을 타고 맹그로브 숲이 늘어선 탕갈레 라군을 돌아보거나, 물키리갈라 석굴 사원에 올라가 탁 트인 경치를 감상하세요. 해변에서 맛볼 수 있는 간단한 요깃거리부터 탕갈레 시장의 노점까지, 모든 음식이 훌륭하기 때문에 실패할 일이 없습니다.","투어 & 관광, 사파리, 스파, 4WD 투어",https://dynamic-media-cdn.tripadvisor.com/media/photo-o/15/33/fe/a1/tangalle.jpg?w=500&h=400&s=1
페티예,"페티예는 프랑스의 대서양 연안에 있는 섬으로, 편안한 휴양지로 알려져 있습니다. 섬에는 아름다운 해변과 작은 마을들이 흩어져 있으며, 조용한 휴식을 즐기기에 좋은 곳입니다. 자연 경관이 아름답고 풍부하며, 스노클링이나 카약 같은 수상 활동을 즐길 수 있습니다.","나이트라이프, 스쿠버 다이빙, 야외 활동",https://dynamic-media-cdn.tripadvisor.com/media/photo-o/15/33/fd/48/fethiye.jpg?w=500&h=400&s=1
스노도니아 국립공원,"스노도니아 에리리 국립공원은 영국에서 가장 습한 곳 중 하나이니 장화를 꼭 챙기세요. 하지만 눅눅하기만 하지 않고, 매우 인상적인 곳입니다. 웨일스는 물론 잉글랜드의 최고봉인 어르 우이드바(스노든산) 정상까지 어렵지 않게 올라갈 수 있습니다. 정상의 뾰족한 절벽에서는 송골매가 둥지를 튼 모습도 볼 수 있습니다. 스노도니아 국립공원에는 웨일스에서 가장 큰 호수인 흘린 테기드가 있습니다. 네스호 괴물처럼 이 호수에는 테기라고 하는 괴물이 있다고 하는데 어떤 사람들은 유별나게 큰 강꼬치고기일 것으로 생각합니다. 스노도니아에서는 자그마한 것들에서도 경이로움을 느낄 수 있습니다. 스노든 딱정벌레를 잘 관찰해보세요. 등에서 무지갯빛 줄무늬를 볼 수 있습니다.","도보 여행, 하이킹 투어, 등반, 현지 음식",https://dynamic-media-cdn.tripadvisor.com/media/photo-o/13/cf/0c/dd/pyg-track-snowdon.jpg?w=500&h=400&s=1
하노이,"매력적인 수도 하노이는 구시가와 유적, 식민 양식 건축물 등 오랜 역사의 숨결이 깃든 도시이자 개발의 진척과 더불어 현대적인 도시로서의 면모도 갖추어나가고 있습니다. 탕롱을 비롯하여 도시의 명칭이 수차례 변경되기도 하였으나, 호치민 영묘나 호아로 감옥 등 역사적인 유산은 변함없이 그 모습을 간직하고 있습니다. 호수와 공원, 가로수 그늘이 드리워진 대로, 600여 개의 사원과 파고다 등을 택시를 타고 손쉽게 둘러볼 수 있으며 곳곳에서 도시의 매력을 느낄 수 있습니다.","나이트라이프,2일 이상 투어,2일 이상 크루즈 여행,카약 투어",https://dynamic-media-cdn.tripadvisor.com/media/photo-o/28/5a/96/cb/cite-imperiale-d-hanoi.jpg?w=1000&h=600&s=1
로마,"로마가 세계에서 가장 많은 사람이 방문하는 장소 중 하나인 이유를 쉽게 알 수 있습니다. 온 도시에 유적이 있고(판테온, 콜로세움 등), 거의 모든 광장에 걸작 조각이 있으며, 물론 말도 안 되게 맛있는 음식이 있습니다. 모든 여행이 폭풍처럼 느껴질 수 있지만 여유를 가지고 속도를 늦추어 보면 많은 놀라운 모습들을 발견하게 될 것입니다. 트라스테베레에서 일요일 아침을 보내고 포르타 포르테세 벼룩시장에서 빈티지 물건을 찾아보세요. 아니면 학생들이 많이 사는 매력적인 분위기의 산 로렌조에 가 보세요. 트렌디한 상점, 갤러리, 거리 예술을 볼 수 있습니다. 저녁 식사 시간이 아직 늦지 않았으니 프라티에서 식전주를 드셔보세요. 바티칸에서 걸어갈 수 있고 거리에는 이색적인 술집이 즐비합니다. 에너지가 넘치는 곳이니 휴식이 필요하면 (말 그대로) 언덕으로 향하세요. 녹음이 우거진 아벤티노 언덕에서 평화로운 정원과 도시의 최고 전망을 누리세요. 항상 체험해 볼 즐길거리가 있으며 아래에 더 많은 추천 정보가 있습니다.","나이트라이프, 역사 투어, 역사 유물 탐방, 문화체험 투어",https://dynamic-media-cdn.tripadvisor.com/media/photo-o/1c/c9/6c/08/caption.jpg?w=500&h=400&s=1
크레타,"크레타 섬은 터키석처럼 푸른 빛깔의 바다에 떠 있는 그리스의 보석입니다. 푹신한 모래사장과 부드러운 조약돌로 이어진 해변은 무척 아름답습니다. 이 섬은 역사적인 중요성과 신화적인 가치를 지니고 있습니다. 크레타 섬은 신들의 왕인 제우스가 태어난 곳으로 알려져 있으며, 유럽 최초의 현대 문명이 발생한 곳입니다. 고고학적인 가치를 지닌 역사적 장소가 가득한 이 섬의 뜨거운 태양 아래에서 환상적인 휴식을 경험해 보십시오.","와인 시음, 사파리, 역사 유물 탐방, 현지 음식",https://dynamic-media-cdn.tripadvisor.com/media/photo-o/01/9d/52/cf/heraklion-son-port-et.jpg?w=500&h=400&s=1
쿠스코,"돌로 건축된 쿠스코의 거리에는 잉카 제국 시대의 건물과 안데스 바로크 양식의 건물이 혼재합니다. 그 전형적인 건축물이 아르마스 광장 옆에 세워진 코리칸차 신전과 산토 도밍고 교회입니다. 아메리카 인디언 문화와 메스티소 문화가 녹아든 이 고지대에서 놀라운 유적지를 탐험하고, 시장에서 아름다운 전통 직물을 발견하고, 고급 요리에서 현지 음식에 이르기까지 페루의 훌륭한 요리를 즐길 수 있습니다.","나이트라이프, 하이킹 투어, 역사 투어, 역사 유물 탐방",https://dynamic-media-cdn.tripadvisor.com/media/photo-o/15/33/fc/ba/cusco.jpg?w=500&h=400&s=1
플로렌스,"피렌체에서 예술 애호가의 심장 박동수는 두 배로 빨라집니다. 르네상스 미술을 사랑하는 사람은 미켈란젤로의 작품을 많이 소장하고 있는 갈레리아 델라카다미아(아카데미아 미술관)를 둘러보면 현기증이 날 것입니다. 건축 애호가는 고대의 폰테 베키오 다리를 감상할 수 있고, 쇼핑 애호가는 산토 스피리토 광장에서 쇼핑을 즐기며 행복한 오후를 보낼 수 있습니다. 이 지역의 넉넉한 인심을 보여주는 음식점에서 기운을 보충하며 탐험에 박차를 가하세요. 딱딱한 빵 한 조각을 현지에서 생산한 올리브 기름에 듬뿍 찍어 먹어보면 토스카나 음식의 절묘한 맛을 이해하게 될 것입니다.","와인 시음, 예술 투어, 역사 투어, 예술 및 역사",https://dynamic-media-cdn.tripadvisor.com/media/photo-o/1b/33/dc/8a/caption.jpg?w=500&h=400&s=1
뉴델리,"뉴델리는 혼란스러우면서도 고요한 곳으로, 판잣집이 즐비한 거리를 소들이 배회하는 복잡한 도시입니다. 17세기 레드 포트에는 돔과 포탑이 가득하고 찬드니 초크에서는 친숙한 풍경의 흥정이 활발히 벌어집니다. 잔타르만타르에는 현재까지도 기상 예측에 쓰이는 사람보다 큰 해시계와 천문 기구가 모여 있습니다. 관광객과 현지인이 제1차 세계대전과 세 번째 아프가니스탄 전쟁에서 전사한 군인들을 기리는 인디아 게이트에 모여듭니다.","2일 이상 투어, 역사 투어, 예술 및 역사, 문화체험 투어",https://dynamic-media-cdn.tripadvisor.com/media/photo-o/24/03/3f/fd/caption.jpg?w=500&h=400&s=1&cx=2294&cy=1952&chk=v1_c3b28b866491ff3722ce
바르셀로나,"바르셀로나의 역사, 예술 및 건축물은 기대를 충족합니다. 가우디의 상징적인 사그라다 파밀리아 성당, 피카소 박물관, 고딕 지구가 있으니까요. 하지만 랜드마크와 번화한 상업 거리 너머를 보면 말 그대로 도시를 둘러싼 자연이 눈길을 사로잡습니다. 한쪽에는 근처 발레아레스 제도와 누가 더 아름다운지 치열한 접전을 벌이는 멋진 모래사장이 5km나 펼쳐져 있고, 다른 한쪽에는 세계에서 가장 큰 도시 공원 중 하나인 콜세롤라 공원이 있는 세라 데 콜세롤라 산맥이 있습니다. 자전거 문화가 번성하는 데는 이유가 있습니다. 290km가 넘는 자전거 도로를 따라 카탈루냐의 수도를 쉽게 둘러볼 수 있기 때문입니다. 개선된 람블라 거리에서 자전거를 타며 소박한 오후를 보내고(보행자 전용 구간에서는 자전거에서 내려 걸어야 합니다.) 타파스와 샹그리아를 맛보세요. 이 모든 것을 할 수 있으며 아래에 더 많은 아이디어가 있습니다.","가우디 건축 투어,공원 피크닉,타파스 투어",https://dynamic-media-cdn.tripadvisor.com/media/photo-o/1c/ae/5d/da/caption.jpg?w=500&h=400&s=1
뉴올리언스,"뉴올리언스는 활기가 넘치면서도 다른 도시와는 달리 여유로운 에너지로 가득합니다. 어떤 사람들에게 뉴올리언스는 다이키리 칵테일과 브라스 밴드 음악으로 가득한 끝없는 거리 파티가 이어지는 버번 스트리트로 대표됩니다. 하지만 주요 관광명소에서 벗어나면 이색적인 카페와 멋진 앤티크 상점, 꼭 방문해야 할 박물관, 유령이 나올듯한 묘지를 방문할 수 있습니다. 세인트 찰스 전차에 올라타고 가든 디스트릭트에서 남북전쟁 전에 지어진 맨션을 둘러보거나, 다채로운 분위기를 자랑하는 바이워터에서 오후를 보내세요. 세인트 클로드 애비뉴를 따라 음식점을 찾아다니고, Studio Be에서 현대 미술을 감상할 수도 있습니다. 게다가 뉴올리언스에서는 어딜 가나 멋진 음악과 만날 수 있습니다. 프렌치맨 스트리트의 재즈 클럽, 업타운의 다이브 바, 트레메의 라운지, 거의 모든 거리 모퉁이에서 음악을 즐기세요. 지금도 뉴올리언스를 대표하는 요리는 케이준과 크레올 요리지만, 이곳에서는 전통 쌀국수부터 반미포보이까지 아주 맛있는 베트남 음식도 즐길 수 있습니다. 지금 소개한 것들은 시작에 불과합니다. 아래에서 더 많은 추천 정보를 찾아보세요.","나이트라이프, 고스트 투어, 역사 투어, 예술 및 역사",https://dynamic-media-cdn.tripadvisor.com/media/photo-o/1c/c9/69/89/caption.jpg?w=500&h=400&s=1
리스본,"일곱 개의 언덕으로 둘러싸인 이 도시는 걸어 다니며 둘러보기에 더없이 좋으며 유럽의 인기 많은 수도에 대한 매혹적인 대안이 됩니다. 생기가 넘치는 밤문화, 흥겨운 시장, 활기찬 박물관이 있는 리스본에는 포르투에서 마신 술 몇 잔과 넉넉히 담긴 바칼랴우 한 그릇, 며칠간 먹은 파스테이스 데 나타로 싸인 칼로리를 태울 방법이 수없이 많이 있습니다.","기항지 투어, 역사 투어, 예술 및 역사, 문화체험 투어",https://dynamic-media-cdn.tripadvisor.com/media/photo-o/1c/bf/6d/43/caption.jpg?w=500&h=400&s=1
푸켓,"열대 해변, 숨겨진 사원, 지역 시장과 흥겨운 리듬이 터지는 클럽. 푸껫은 낮에는 여유롭다가 밤에는 활기를 되찾는 사람들을 유혹하는 섬입니다. 내륙에 있는 푸껫 타운에서는 고추와 블루 진저 향이 나는 요리를 맛볼 수 있으며, 옛 구역을 산책하다 보면 켜켜이 쌓인 과거의 시간으로 들어가는 문이 열립니다. 규모와 지리적 위치에도 불구하고, 푸껫은 럭셔리 여행자는 물론 적은 예산으로 여행하는 사람들까지 언제든 만족시킬 수 있는 다양한 식사와 숙박시설, 모험으로 가득합니다.","자연 및 야생동물 서식지 투어, 리조트, 제트 보트 대여, 스노클링",https://dynamic-media-cdn.tripadvisor.com/media/photo-o/1b/4b/5d/c8/caption.jpg?w=500&h=400&s=1&cx=2606&cy=1838&chk=v1_a61182fd4040ed4ecc4e
파리,"파리는 로맨틱한 휴가를 보낼 수 있는 도시로 정말 유명합니다. 하지만 방문자들의 마음을 사로잡는 것은 파리 그 자체입니다. 거대한 석재와 연철로 지어진 건물, 아늑한 카페가 가득한 거리, 센강의 굽이굽이 있는 강둑은 영화의 한 장면 같습니다. 하지만 이 도시의 매력은 눈에 보이는 것만이 아닙니다. 요리 문화가 풍성하여 닭고기를 푹 고아 만든 푸짐한 코코뱅, 황금빛 버터 크루아상 등 꼭 맛봐야 할 프랑스 음식 목록은 끝이 없습니다. 현대적인 퓨전 요리와 세계 각국의 독창적인 요리도 꼭 맛보세요. (파리에서 맛보는 팔라펠은 단연코 훌륭합니다.) 골목길을 헤매고, 천천히 박물관을 구경하고, 미로 같은 상점들을 둘러보며 파리 여행의 진정한 묘미를 느껴보세요. 해가 지면 샹 드 마르로 향하여 어둠 속에 반짝이는 에펠 탑의 탁 트인 전망을 감상하세요.","나이트라이프, 예술 투어, 역사 투어, 예술 및 역사",https://dynamic-media-cdn.tripadvisor.com/media/photo-o/1c/c2/86/0e/caption.jpg?w=500&h=400&s=1
자이푸르,"자이푸르의 대로변에 늘어선 멋진 건축물을 보면, 이 도시가 ""핑크 시티""라고 불리는 이유를 단번에 알 수 있습니다. 그만큼 핑크빛을 띠는 건물들이 곳곳에 많이 세워져 있습니다. 충분히 시간을 할애하여 시티 팔레스와 하와 마할, 암베르 성을 느긋하게 거닐어보고, 낙타 가죽 슬리퍼 등 현지의 특산품이 즐비한 바자르에 가서 마음에 드는 여행 기념품을 찾아보시기 바랍니다.","쇼핑, 역사 투어, 예술 및 역사, 문화체험 투어",https://dynamic-media-cdn.tripadvisor.com/media/photo-o/10/a3/3b/8a/screenshot-2017-09-12.jpg?w=500&h=400&s=1
바쿠,"바쿠의 역사적 중심지에는 도시의 근원이었던 실크로드 항구 도시 시절부터 석유 붐을 거쳐 소비에트 시대에 이르기까지 격동의 과거가 잘 드러납니다. 이 구시가지에는 골목길, 모스크, 역사적인 건물, 요새의 잔해가 미로처럼 얽혀있으며, 현재 유네스코 세계문화유산으로 등재된 시르반샤 궁전과 메이든 탑이 자리 잡고 있습니다. 유적지 그 이상인 이 도시에서는 예술과 문화 활동이 활발히 이루어질 뿐만 아니라 현대의 비즈니스 부문도 왕성하게 가동되고 있습니다.","역사 투어, 바, 역사 유물 탐방, 문화체험 투어",https://dynamic-media-cdn.tripadvisor.com/media/photo-o/06/b5/6c/05/old-city-baku.jpg?w=500&h=400&s=1
이스탄불,"수 세기 동안 다양한 문화가 이스탄불에 영향을 미쳤습니다. 오늘날 이스탄불의 마할라(마을)를 둘러보며 이러한 문화의 영향을 직접 경험할 수 있습니다. 술탄아흐메트의 신성한 장소, 베이올루의 우아한 19세기 유럽 스타일, 니샨타쉬의 최신 유행 스타일, 카디코이의 활기찬 카페 모임, 베식타스의 축구 기념 거리 등 이스탄불의 곳곳을 둘러보면 여행자들이 이스탄불을 하나의 도시가 아닌 여러 도시의 융합이라고 말하는 이유를 쉽게 이해할 수 있습니다.","나이트라이프, 역사 투어, 예술 및 역사, 역사 유물 탐방",https://dynamic-media-cdn.tripadvisor.com/media/photo-o/1b/33/f6/60/caption.jpg?w=500&h=400&s=1
아테네,"한때 신석기 시대에 가장 강력한 문명의 중심지였던 아테네는 아크로폴리스에서 올림피아 제우스 신전에 이르기까지 고대의 거대 건축물의 위업이 사방에 즐비합니다. 하지만, 아테네의 동네와 뒷골목은 기분 좋은 모던함이 묻어나고 느긋한 에너지가 드러나며, 활기찬 도회풍 음식점과 멋진 갤러리가 지나간 시대의 유물들 속에 공존합니다. 붐비는 복잡함에서 벗어나 휴식을 취하려는 사람들은 자연 그대로의 바다와 편안한 해변 리조트가 있는 아름다운 해안선에서 산책할 수 있습니다.","역사 투어, 바, 역사 유물 탐방, 문화체험 투어",https://dynamic-media-cdn.tripadvisor.com/media/photo-o/1c/c0/98/c5/caption.jpg?w=500&h=400&s=1&cx=960&cy=638&chk=v1_dd51d42e9a888a6b338f
카르타헤나,"콜롬비아의 카리브 연안에 자리 잡은 고기잡이 마을 카르타헤나에는, 아름다운 비치가 많으며 걸어서 일주가 가능한 유서 깊은 구시가의 곳곳에 아름다운 식민 양식의 건물이 남아있습니다. 또한, 카르타헤나는 콜롬비아에서 치안이 가장 좋은 거리로 꼽히며, 크루즈선의 인기 기항지이기도 합니다. 돌길을 걷다 지치면 오픈 카페에 들러 잠시 쉬어가세요. 맛난 페스트리를 먹으며 오가는 사람들을 구경하는 것도 즐겁습니다.","나이트라이프, 역사 투어, 제트 보트 대여, 바",https://dynamic-media-cdn.tripadvisor.com/media/photo-o/15/33/fc/e6/cartagena.jpg?w=500&h=400&s=1
치앙마이,"30개가 넘는 사원을 둘러싸고 있는 고대 성벽의 잔해가 남아 있는 치앙마이의 유명한 도심을 둘러보는 것만으로도 전체 휴가 일정을 보낼 수 있습니다. 건강한 여행자라면 언덕 위의 화려한 불교 사원인 왓 프라닷 도이 수텝까지 이어진 300개의 계단을 오를 수 있습니다. 하지만 그저 역사적인 관광지만 둘러보지 마시고, 흥정의 기술을 익힐 수 있는 야간 바자르에서 태국의 활기찬 현재를 직접 구경하세요. 식물원도 현지 문화를 만끽하고 태국 난초의 섬세한 향을 맡을 수 있는 좋은 장소입니다. ","역사 투어, 스파, 문화체험 투어, 야외 활동",https://dynamic-media-cdn.tripadvisor.com/media/photo-o/1b/33/f8/39/caption.jpg?w=500&h=400&s=1&cx=578&cy=1032&chk=v1_4d0b15e634de94650bec
쿠바,미국 시민이 쿠바를 방문하는 데는 여전히 몇 가지 절차가 필요하지만 전 세계 관광객이 잘 알고 있듯이 다양한 문화가 교차하는 쿠바 섬에서 독특한 경험을 할 수 있습니다. 아바나는 옛 시대의 건축물과 현대의 문화가 혼합된 도시입니다. 스페인 식민지 시대 건축물을 더 많이 보고 싶다면 수도를 벗어나 작은 마을인 트리니다드를 방문하세요. 유네스코 세계 문화유산인 트리니다드는 슈거 밀스 계곡에 방문하는 여행자가 숙박하기에 정말 좋은 마을이며 과거 쿠바 설탕 산업의 중심지이기도 합니다.,"나이트라이프, 예술 및 역사, 바, 야외 활동",https://dynamic-media-cdn.tripadvisor.com/media/photo-o/1b/3f/2a/0a/calle-de-havana.jpg?w=500&h=400&s=1
자메이카,"자메이카의 따뜻한 햇볕을 쬐며 해먹에 누워 흔들리는 것보다 더 좋은 것이 있을까요? 느긋하게 즐기고 싶다면 제대로 찾아오신 겁니다. 하지만 자메이카에는 모험을 원하는 사람을 위한 수많은 야외 어드벤처도 있습니다. 블루홀로 다이빙하고, 마사브래강에서 래프팅을 즐기는 건 어떨까요, 조금 심하게 들릴 수도 있지만 미스틱산에서 봅슬레이를 타고 내려가는 것도 재미있지 않을까요? 모험을 떠나기 전 닭고기 저크처럼 맛있고 포만감이 오래 가는 음식으로 충전하세요. 특히 레게 음악 팬이라면 킹스턴의 정통 음악 클럽을 방문할 만합니다.","나이트라이프, 리조트, 래프팅, 야외 활동",https://dynamic-media-cdn.tripadvisor.com/media/photo-o/1b/33/fb/5c/caption.jpg?w=500&h=400&s=1
멘도사,"멘도사는 아르헨티나 서부 지역에 위치한 도시로, 안데스 산맥과 인접한 피란테스와 콜로라도 강의 푸른 숲으로 둘러싸여 있습니다. 이 도시는 아르헨티나의 와인 생산지로 유명하며, 말베시아(Malbec) 등의 품종으로 유명한 와인을 생산합니다. 또한, 멘도사는 지역 특산품인 올리브 오일과 포도주로도 유명합니다. 멘도사는 자연 경관이 아름답고, 와인 양조장과 와이너리 투어를 즐기는 관광객들에게 인기가 있습니다. 또한, 인근에는 안데스 산맥의 스키 리조트가 위치해 있어 스포츠 관광객들에게도 인기가 있습니다.","자연 및 야생동물 서식지 투어, 와인 시음, 쇼핑, 하이킹 투어",https://dynamic-media-cdn.tripadvisor.com/media/photo-o/10/3c/2b/f1/p1090956-1-largejpg.jpg?w=500&h=400&s=1
찰스턴,"찰스턴은 그늘진 안뜰, 빅토리아 시대 주택, 말이 끄는 마차와 무려 6개의 멋진 해변에 이르기까지 소도시의 다양한 매력을 한껏 발산합니다. 남부의 역사가 묻어나는 풍경도 주목할 만하지만, 이 해안 도시의 최대 장점은 관광명소가 많다는 것입니다. 미들턴 플레이스, 포르 섬터 국립 박물관, 프렌치 쿼터 등 가볼 만한 유적지도 많지만, 여행하는 동안 찰스턴의 현대적인 모습을 살펴보는 것도 잊지 마세요. 국제 아프리칸 아메리칸 박물관(IAAM, International African American Museum), 30개가 넘는 미술관, 그리고 로우컨트리 지역의 주식이라 할 수 있는 프라이드 치킨부터 현대식 타파스에 이르기까지 입맛에 따라 골라 먹을 수 있는 끊임없이 발전하는 음식 문화 및 음식점들이 있습니다.","나이트라이프, 고스트 투어, 역사 투어, 문화체험 투어",https://dynamic-media-cdn.tripadvisor.com/media/photo-o/1c/c7/6b/19/caption.jpg?w=500&h=400&s=1&cx=1427&cy=512&chk=v1_1a54181c73be0d24e150
교토,"교토의 신사와 사원은 도시의 현대적인 삶과 고대 역사를 연결하는 드문 장소입니다. 시모가모 신사는 6세기에 지어진 신사로, 시간이 멈춘 듯한 느낌과 함께 그 고요함과 정신이 아직도 또렷합니다. 후시미 이나리 신사를 방문하면 실물 크기의 산주산겐도 천수관음상을 볼 수 있습니다. 전통 게이샤극을 관람한 후 가모 강을 굽어보는 음식점에서 평온한 식사를 즐기세요.","역사 투어, 온천 및 간헐천, 바, 문화체험 투어",https://dynamic-media-cdn.tripadvisor.com/media/photo-o/1c/c0/b4/49/caption.jpg?w=500&h=400&s=1&cx=718&cy=768&chk=v1_2630c9aa1554550b8519
파나마시티,"파나마 시티에서는 최상의 시푸드를 즐길 수 있습니다. 레스토랑 쉐프는 요리의 재료로 대서양과 태평양에서 잡은 싱싱한 해산물을 엄선합니다. 파나마 요리 ""세비체""를 한번 드셔보세요. 세비체는 라임 주스에 코르비나 피쉬와 양파, 샐러리, 약간의 고춧가루를 넣고 만든 절임 요리입니다. 유카와 얌을 넣고 만든 치킨 스튜인 ""산꼬초""도 이 지역의 별미입니다.","나이트라이프, 역사 투어, 바, 4WD 투어",https://dynamic-media-cdn.tripadvisor.com/media/photo-o/0e/68/1f/4f/20170114-184400-largejpg.jpg?w=500&h=400&s=1
상파울루,"상파울루는 인구 1,000만에 이르는 남미 최대의 도시로, 인구를 구성하는 다양한 민족만큼이나 다채로운 음식과 아트를 접할 수 있는 국제적인 도시입니다. 쟈뎅 지구의 레스토랑에서는 세계 각지의 온갖 요리를 즐길 수 있습니다. 세계적인 규모의 박물관을 둘러보고, 다양한 문화가 혼재하는 활기 넘치는 거리도 산책해보세요. 물론, 쇼핑하는 즐거움도 상파울루 여행에서 빼놓을 수 없겠지요.","예술 투어, 역사 투어, 바, 문화체험 투어",https://dynamic-media-cdn.tripadvisor.com/media/photo-o/2b/88/aa/57/caption.jpg?w=500&h=400&s=1
부에노스아이레스,"부에노스아이레스에는 그냥 지나칠 수 없는 뜨거운 에너지가 있습니다. 이 도시에서는 말벡을 마시고, 믿기지 않을 만큼 맛있는 스테이크를 먹고, 새벽까지 클럽에서 음악과 춤을 즐기며 즐거운 시간을 보낼 수 있습니다. 하지만 소박한 모습도 있습니다. 아침에 바리오의 자갈길을 거닐며 시간에 구애받지 않고 신고전주의 건축물을 구경해 보세요. 팔레르모에는 물론 트렌디한 음식점과 부티크가 있지만, 팔레르모 공원에서 초리판을 사 먹으며 간편하게 즐기는 피크닉도 무척 유명합니다. 산 텔모에 가서 일요일마다 열리는 대규모 거리 시장인 산 텔모 일요시장을 구경하고, 탱고 공연을 관람하거나 도레고 광장에서 야외 공연을 즐기세요. 좀 더 여유롭게 시간을 보내고 싶다면 미술관이나 갤러리에 가 보고 산 텔모 시장의 노점에서 맛있는 음식도 드셔 보세요. 서둘러도 좋고 여유를 즐겨도 좋습니다. 자신의 속도에 맞게 둘러보세요. 아래에 더 많은 아이디어가 있습니다.","역사 투어, 바, 문화체험 투어, 와인",https://dynamic-media-cdn.tripadvisor.com/media/photo-o/04/84/8a/db/teatro-colon.jpg?w=500&h=400&s=1
쿠바,미국 시민이 쿠바를 방문하는 데는 여전히 몇 가지 절차가 필요하지만 전 세계 관광객이 잘 알고 있듯이 다양한 문화가 교차하는 쿠바 섬에서 독특한 경험을 할 수 있습니다. 아바나는 옛 시대의 건축물과 현대의 문화가 혼합된 도시입니다. 스페인 식민지 시대 건축물을 더 많이 보고 싶다면 수도를 벗어나 작은 마을인 트리니다드를 방문하세요. 유네스코 세계 문화유산인 트리니다드는 슈거 밀스 계곡에 방문하는 여행자가 숙박하기에 정말 좋은 마을이며 과거 쿠바 설탕 산업의 중심지이기도 합니다.,"나이트라이프,예술 및 역사,바,야외 활동",https://dynamic-media-cdn.tripadvisor.com/media/photo-o/1b/3f/2a/0a/calle-de-havana.jpg?w=1000&h=600&s=1
쿠스코,"돌로 건축된 쿠스코의 거리에는 잉카 제국 시대의 건물과 안데스 바로크 양식의 건물이 혼재합니다. 그 전형적인 건축물이 아르마스 광장 옆에 세워진 코리칸차 신전과 산토 도밍고 교회입니다. 아메리카 인디언 문화와 메스티소 문화가 녹아든 이 고지대에서 놀라운 유적지를 탐험하고, 시장에서 아름다운 전통 직물을 발견하고, 고급 요리에서 현지 음식에 이르기까지 페루의 훌륭한 요리를 즐길 수 있습니다.","나이트라이프, 하이킹 투어, 역사 투어, 역사 유물 탐방",https://dynamic-media-cdn.tripadvisor.com/media/photo-o/15/33/fc/ba/cusco.jpg?w=500&h=400&s=1
아그라,위대한 사랑의 증거인 타지마할보다 더 로맨틱한 휴양지는 없을 것입니다. 인도 무굴 제국 당시 샤 자한이 그의 세 번째 왕비인 뭄타즈 마할의 죽음을 애도하며 지은 타지마할의 비할 데 없는 아름다움을 눈으로 직접 확인한다면 타지마할이 세계 8대 불가사의 중 하나로 손꼽히는 이유를 알 수 있을 것입니다. 타지마할을 생략하고는 인도의 여행이 완성되지 않습니다. 그 외에 아그라에서 놓쳐서는 안 될 명소로는 유네스코 세계 유산으로 지정된 레드 포트 사암 지구와 파테푸르 시크리가 있습니다.,"역사 투어, 예술 및 역사, 역사 유물 탐방, 문화체험 투어",https://dynamic-media-cdn.tripadvisor.com/media/photo-o/15/33/fc/fc/agra.jpg?w=500&h=400&s=1
페스,"세계에서 가장 오래된 대학은 옥스포드도, 소르본느도 아니랍니다. 바로, 페스의 구시가에 있는 알 카로인 대학이 세계 최고의 대학입니다. 세계 유산으로 등록되어있는 성벽 도시 페스는, 그곳을 방문하는 여행자들을 중세의 신비로움 속으로 이끕니다. 메디나와 그 주변에는 미로와 같은 골목길이 옛모습 그대로 보존되어 있으며, 독특하고 아름다운 모로코 타일로 장식된 건물이 곳곳에 남아있습니다. 이 지역의 웬만한 곳은 걸어 다니면서 전부 관광할 수 있지만, 용기있는 여행자라면 택시를 타보셔도 좋습니다. 택시 기사의 곡예 운전은 스릴 만점이랍니다.","예술 및 역사, 사파리, 4WD 투어, 문화체험 투어",https://dynamic-media-cdn.tripadvisor.com/media/photo-o/12/1e/34/fe/tombe-dei-merenidi.jpg?w=500&h=400&s=1
아테네,"한때 신석기 시대에 가장 강력한 문명의 중심지였던 아테네는 아크로폴리스에서 올림피아 제우스 신전에 이르기까지 고대의 거대 건축물의 위업이 사방에 즐비합니다. 하지만, 아테네의 동네와 뒷골목은 기분 좋은 모던함이 묻어나고 느긋한 에너지가 드러나며, 활기찬 도회풍 음식점과 멋진 갤러리가 지나간 시대의 유물들 속에 공존합니다. 붐비는 복잡함에서 벗어나 휴식을 취하려는 사람들은 자연 그대로의 바다와 편안한 해변 리조트가 있는 아름다운 해안선에서 산책할 수 있습니다.","역사 투어, 바, 역사 유물 탐방, 문화체험 투어",https://dynamic-media-cdn.tripadvisor.com/media/photo-o/1c/c0/98/c5/caption.jpg?w=500&h=400&s=1&cx=960&cy=638&chk=v1_dd51d42e9a888a6b338f
더블린,"수많은 역사적 건축물과 셀 수 없이 많은 문학계 거장을 낳은 더블린은 고풍스러운 분위기와 친근하고 실용적인 매력이 조화를 이루고 있습니다. 우선 더블린은 걸어서 다니기에 매우 좋기 때문에 하루에 여러 곳을 방문할 수 있습니다. 잘 알려진 명소들부터 시작하는 것이 좋습니다. 세인트 패트릭 대성당의 화려한 디테일을 감상하고, 더블린 성에서 ‘도시의 중심부’를 둘러보세요. 트리니티 칼리지의 드넓은 캠퍼스를 감상할 수도 있습니다. 박물관이 정말 많고, 체스터 비티와 같은 곳은 대부분 무료입니다. 또한 다양한 예산이나 취향에 적합한 음식을 찾을 수 있습니다. 43개의 미슐랭 스타 레스토랑 중 한 곳에서 시식 메뉴를 즐기거나 펍에 들러 인생 최고의 피쉬 앤 칩스를 맛보세요. 더블린은 다양한 당일 여행을 떠나기에 좋은 출발점입니다. 일정이 여유롭다면 벨파스트 또는 어촌 마을인 호스와 같은 새로운 장소에 들러 보세요. 아래에서 더 많은 추천 정보를 확인하세요.","역사 투어, 바, 문화체험 투어, 버스 투어",https://dynamic-media-cdn.tripadvisor.com/media/photo-o/15/33/f7/0e/dublin.jpg?w=500&h=400&s=1
콜롬보,"대부분의 여행자에게 콜롬보는 스리랑카로 향하는 관문에 지나지 않지만, 사실 그냥 지나치기에는 아까운 재미있는 도시입니다. 해안가를 따라 유명한 비치가 있는 마운트라비니아까지 기차를 타고 가거나, 여러 트립어드바이저 여행자들이 도시의 번잡함에서 벗어나 휴식을 취하기에 이상적인 장소라고 추천하는 Talangama Wetland를 둘러 보십시오.","역사 투어, 예술 및 역사, 사파리, 문화체험 투어",https://dynamic-media-cdn.tripadvisor.com/media/photo-o/0d/f9/8f/0a/one-of-the-best-travel.jpg?w=500&h=400&s=1
후에,"후에는 향 강 주변에 있으며, 구엔 왕조의 수도를 둘로 나누어 놓고 있습니다. 이곳에는 특히 유네스코 세계 유산으로 지정된 꼭 봐야 할 역사적 유적지들이 많습니다. 관광지로는 화려하게 장식된 황성, 컬러풀한 딴 또안 다리, 왕릉 및 자금성 등이 있습니다. 수많은 시민들이 목숨을 잃은 휴 정글 크레비스를 방문하는 경우 잠시 조용히 묵념을 올리십시오.","역사 투어, 모터사이클 투어, 문화체험 투어",https://dynamic-media-cdn.tripadvisor.com/media/photo-o/0f/b4/dd/eb/hue-imperial-city-citadel.jpg?w=500&h=400&s=1
에든버러,"스코틀랜드의 수도인 에든버러는 역사 유산, 문화, 축제로 유명합니다. 도시 중심부를 걸으며 구시가지와 신시가지의 세계문화유산을 비롯해 박물관과 갤러리를 둘러보세요. 잠시 멈춰 에든버러의 매력적인 찻집에서 스콘과 함께 차를 마시며 충전하거나 전통적인 술집에 들어가 보세요. 그런 다음 에든버러의 다양한 행사에도 참여해 보세요. 여름에 열리는 유명한 문화 축제도 좋고 음악과 횃불 그리고 전통춤 케일리가 어우러진 겨울 축제에 가보는 것도 좋습니다.","역사 투어, 바, 문화체험 투어, 영화 투어",https://dynamic-media-cdn.tripadvisor.com/media/photo-o/22/47/db/ac/caption.jpg?w=500&h=400&s=1
도쿄,"초현대적인 초고층 빌딩과 비교할 수 없는 음식, 신나는 밤문화로 유명한 도쿄는 아드레날린이 넘쳐나는 곳입니다. 도쿄는 최첨단으로 유명하지만, 옛 신사와 빈티지 찻집, 평화로운 정원은 고요한 휴식처를 제공하고 과거의 역사를 상기시켜 줍니다. 도쿄의 유서 깊은 지역인 아사쿠사에서 오전을 보내며 센소지 사원을 구경한 후 스미다가와강을 따라 산책하세요(봄에는 벚꽃이 만발합니다). 츠키지 장외 시장으로 가서 아침 식사로 스시를 드셔도 좋습니다. 좁은 통로에 수많은 음식점이 즐비한 곳입니다(대부분이 정오 무렵 문을 닫으니 일찍 가세요). 하라주쿠에서 활기를 즐기고 코스프레 문화를 맛보거나 아키하바라에서 비디오 게임과 애니메이션을 구경하세요. 저녁에 요코초(길거리의 작은 골목길)를 따라 내려가면 한가로운 이자카야와 한적한 분위기의 바도 찾아볼 수 있습니다. 이것들은 맛보기에 불과합니다. 아래에 더 많은 추천 여행지가 있습니다.","시티 투어, 역사 투어, 바, 문화체험 투어",https://dynamic-media-cdn.tripadvisor.com/media/photo-o/27/84/4b/d7/caption.jpg?w=500&h=400&s=1&cx=994&cy=946&chk=v1_6a1bd939ce726b103997
프라하,"보헤미안적인 매력과 동화적인 특징을 지닌 프라하는 역사, 예술, 음악, 건축에 빠져들기를 원하는 문화 애호가를 위한 완벽한 여행지입니다. 온종일 프라하 성을 구경하고 클래식한 체코 선술집에서 푸짐한 저녁을 먹으며 재충전할 수 있습니다. 정각에 기계적인 행진 퍼포먼스를 보여주는 천문 시계로 향하기 전에 구시가 광장을 돌아다니며 시간을 보내보세요. 프라하의 최고의 바는 대부분 역사적인 펍으로 중부 유럽의 최고급 맥주를 마시며 좋은 밤 시간을 보낼 수 있습니다.","시티 투어, 역사 투어, 테마 파크, 문화체험 투어",https://dynamic-media-cdn.tripadvisor.com/media/photo-o/1c/cc/d0/42/caption.jpg?w=500&h=400&s=1
산티아고,"산티아고는 다양한 볼거리가 많은 대도시입니다. 벨라비스타에는 펑키한 분위기의 카페와 클럽이 즐비하고, 포레스트 파크에는 콜롬부스 이전의 시대에서부터 현대에 이르는 다양한 아트 컬렉션이 전시되어 있습니다. 또한, 16세기의 샌프란시스코 교회 건물에서부터 전면이 글래스인 최고층 빌딩까지 다양한 타입의 건축물을 볼 수 있습니다. 현지 사람들이 즐겨찾는 파노라미코 몰의 상점에서 맛도 좋고 양도 많은 칠리 요리를 즐겨보시기 바랍니다.","와인 시음, 역사 투어, 바, 문화체험 투어",https://dynamic-media-cdn.tripadvisor.com/media/photo-o/0e/af/0e/ab/fachada-do-palacio.jpg?w=500&h=400&s=1
포르토,"포르투갈에서 두 번째로 큰 도시이자 포르투갈과 포트와인이라는 이름의 기원이 된 포르투는 고전적인 분위기와 현대적인 에너지가 완벽한 조화를 이룹니다. 우선 포르투는 걷기에 좋은 도시입니다. 구불구불한 자갈길을 거닐며 세련된 상점, 음식점, 디자인을 선도하는 부티크 호텔과 함께 늘어서 있는 18세기 타운하우스를 둘러보세요. 빌라 노바 대 가이아에서 도루강 건너편에 있는 포트 와인 저장고도 잊지 말고 꼭 들러보세요. 현대 미술의 중심지이기도 한 포르투에는 현대 미술의 메카인 세랄베스 현대 미술 박물관부터 미구엘 봄바르다 거리에 있는 여러 갤러리 등 현대 미술과 관련된 여러 장소가 있습니다. 이 도시의 역사를 더 깊이 알고 싶은 분들은 활기찬 분위기를 자랑하는 구시가지인 리비에라 지구로 가세요. 리비에라 지구는 유네스코 세계 문화유산으로 지정된 곳으로, 도우루강의 환상적인 경치를 배경으로 수백 년 된 건축물을 자랑합니다. 그중에서도 14세기에 지어진 상 프란시스코 교회가 주요 관광명소입니다. 포르투에는 다른 볼거리도 많습니다. 아래에서 추천 정보를 모두 확인하세요.","와인 시음, 전일 투어, 역사 투어, 문화체험 투어",https://dynamic-media-cdn.tripadvisor.com/media/photo-o/1b/33/f4/95/caption.jpg?w=500&h=400&s=1
아디스 아바바,"아프리카의 수도라고도 불리는 아디스 아바바는 경제, 사회 및 정치 활동의 중심지이며, 아프리카 연합 및 UN 아프리카경제위원회 등의 주요 기관도 있습니다. 다양한 인종의 특성이 교회, 모스크, 박물관 등에 나타나 있으며, 에티오피아 국립박물관에는 1970년대에 이 지역에서 발견된 오스트랄로피테쿠스 Dinkinesh(루시)의 화석이 있습니다.","역사 투어, 예술 및 역사, 4WD 투어, 문화체험 투어",https://dynamic-media-cdn.tripadvisor.com/media/photo-o/09/1b/2b/b9/heading-to-entoto-mariamhappy.jpg?w=500&h=400&s=1
세빌,원래 로마의 도시로 세워졌으며 현재 유네스코 세계 유산을 세 개나 보유하고 있는 세비야는 고풍스러운 매력이 넘치는 곳입니다. 알카사르 궁전은 건축 양식의 놀라운 콜라주와 같은 곳이며 성당은 그 아름다움과 더불어 크리스토퍼 콜럼버스의 묘지라는 사실로 유명한 곳입니다. 메트로폴 파라솔은 세계에서 가장 큰 목조 건축물로 대규모의 격자무늬가 소용돌이치며 시장과 테라스 전망대를 둘러쌉니다.,"도보 여행, 나이트라이프, 역사 투어, 바",https://dynamic-media-cdn.tripadvisor.com/media/photo-o/15/33/f7/95/seville.jpg?w=500&h=400&s=1
빈,"바로크 양식의 궁전과 잘 가꾸어진 정원이 있는 빈은 아주 우아하고 매력적인 곳입니다. 그 외에도 오페라로 유명한 이곳은 빈 국립 오페라 극장을 비롯한 세 곳의 하우스가 있습니다. 모차르트, 베토벤, 하이든이 살았던 빈은 클래식 음악과 깊은 관련이 있습니다. 하지만 역사적인 볼거리만 풍족한 것은 아닙니다. 현대적인 면을 보려면 오스트리아 미술관에 가보세요. 전시, 상점, 음식점이 즐비한 창의적인 장소입니다. 커피 문화를 빈의 핵심입니다. 에스프레소를 마시고 자허토르테를 한 조각 먹으며 하루를 보낼 수 있는 아늑한 카페가 많이 있습니다. 커피 말고 더 강력한 것을 원하시나요? 400여 곳에 달하는 포도밭 중 한 곳에 방문하거나 와인 선술집에서 음료와 슈니첼을 즐겨보세요. 이제 시작일 뿐입니다. 아래에 더 많은 추천 정보가 있습니다.","나이트라이프, 예술 투어, 역사 투어, 예술 및 역사",https://dynamic-media-cdn.tripadvisor.com/media/photo-o/1c/af/10/b8/caption.jpg?w=500&h=400&s=1&cx=2171&cy=2605&chk=v1_fc63d630d7feab63821d
싱가포르,"작은 섬에 위치한 도시 국가 싱가포르는 다양한 국가에서 온 사람들이 섞여 있지만 그중에서도 말레이시아, 중국, 인도의 문화가 독특하게 결합된 것으로도 유명합니다. 이렇듯 다양한 문화가 섞이면서 싱가포르 특유의 분위기를 연출하고, 매우 멋진 음식 문화도 즐길 수 있죠. 싱가포르에서는 세계적인 수준의 음식을 맛볼 수 있습니다. 하지만 유명한 호커 센터 중 한 곳에서 길거리 음식을 맛보는 기회도 놓치지 마세요. 대형 푸드 코트와도 같은 호커 센터에서는 명불허전 면 요리부터 미슐랭 스타 요리까지 다양한 음식을 맛볼 수 있습니다. 섬의 다른 지역은 빼어난 경치를 자랑합니다. 초현대적인 고층 빌딩과 고급 쇼핑몰 옆에 녹음이 우거진 공원을 지나치지 마세요. 먼저 가든스 바이 베이나 맥리치 저수지 공원의 녹지를 구경한 다음 페리를 타고 싱가포르 주변의 64개 섬 중 몇 군데를 돌아보는 것을 추천합니다. 그중 풀라우 우빈이 가장 인기 있는 장소입니다. 아래에 더 많은 추천 정보를 참고하세요.","나이트라이프, 역사 투어, 바, 문화체험 투어",https://dynamic-media-cdn.tripadvisor.com/media/photo-o/28/bd/09/06/caption.jpg?w=500&h=400&s=1
베를린,"패션에서 건축, 정치사에 이르기까지 베를린은 언제나 특별합니다. 베를린 장벽은 2차 세계 대전 후의 냉전기를 상기시키는 잔재이지만, 장벽에 그려진 그라피티 아트는 이제 사회 발전의 상징이 되었습니다. 상부에 태양계 형상의 모델이 자리한 벨트짜이트우어(만국시계)를 보고, 나폴레옹과 베토벤이 자주 찾은 16세기 음식점인 역사적인 추어 레츠텐 인스탄츠에서 저녁식사를 하며 시간을 거슬러 가보십시오.","나이트라이프, 역사 투어, 예술 및 역사, 러닝 투어",https://dynamic-media-cdn.tripadvisor.com/media/photo-o/1b/33/f5/c6/caption.jpg?w=500&h=400&s=1
암만,"암만의 계층화된 역사는 다양한 사람들과 다채로운 건축물에 나타납니다. 이 도시에는 다양한 교파와 다문화 인구가 거주합니다. 초현대적인 상업 중심지의 한가운데에서도 그 고대 뿌리의 증거를 찾아볼 수 있으며 화려한 수크, 로마 유적, 문화 박물관, 기념물 등이 이 지역 역사의 모습을 고스란히 보여줍니다.","역사 투어, 모터사이클 투어, 문화체험 투어",https://dynamic-media-cdn.tripadvisor.com/media/photo-o/0a/22/d6/74/romeins-amfitheater.jpg?w=500&h=400&s=1
부에노스아이레스,"부에노스아이레스에는 그냥 지나칠 수 없는 뜨거운 에너지가 있습니다. 이 도시에서는 말벡을 마시고, 믿기지 않을 만큼 맛있는 스테이크를 먹고, 새벽까지 클럽에서 음악과 춤을 즐기며 즐거운 시간을 보낼 수 있습니다. 하지만 소박한 모습도 있습니다. 아침에 바리오의 자갈길을 거닐며 시간에 구애받지 않고 신고전주의 건축물을 구경해 보세요. 팔레르모에는 물론 트렌디한 음식점과 부티크가 있지만, 팔레르모 공원에서 초리판을 사 먹으며 간편하게 즐기는 피크닉도 무척 유명합니다. 산 텔모에 가서 일요일마다 열리는 대규모 거리 시장인 산 텔모 일요시장을 구경하고, 탱고 공연을 관람하거나 도레고 광장에서 야외 공연을 즐기세요. 좀 더 여유롭게 시간을 보내고 싶다면 미술관이나 갤러리에 가 보고 산 텔모 시장의 노점에서 맛있는 음식도 드셔 보세요. 서둘러도 좋고 여유를 즐겨도 좋습니다. 자신의 속도에 맞게 둘러보세요. 아래에 더 많은 아이디어가 있습니다.","역사 투어, 바, 문화체험 투어, 와인",https://dynamic-media-cdn.tripadvisor.com/media/photo-o/04/84/8a/db/teatro-colon.jpg?w=500&h=400&s=1
키토,식민지 시대 이전의 풍부한 역사를 간직한 에콰도르의 수도는 잉카 제국 도시의 폐허에 건립되었지만 현대 여행객에게 필요할 수 있는 모든 것을 제공합니다. 이곳은 라틴 아메리카에서 가장 적게 변화된 역사적인 중심지로 남아 있으며 유네스코 세계 문화 유산으로 지정되어 있습니다. 키토에서 꼭 방문해 봐야 할 곳으로는 라 콤파냐 성당과 대학뿐 아니라 산 프란시스코 및 산토 도밍고 사원 등 바로크 양식의 보석 같은 곳이 있습니다. 이 거대한 도시는 화산 봉우리로 둘러싸인 숨이 막힐 듯한 안데스 산맥에 걸쳐 있습니다.,"자연 및 야생동물 서식지 투어, 바, 4WD 투어, 문화체험 투어",https://dynamic-media-cdn.tripadvisor.com/media/photo-o/15/4d/45/8d/quito.jpg?w=500&h=400&s=1
홍콩,"맛있는 딤섬, 플로팅 아일랜드, 황홀한 스카이라인은 홍콩의 특징 중 일부에 불과합니다. 템플 스트리트 야시장을 따라 걸으며 취향에 따라 어묵 꼬치와 취두부를 맛보거나, 팀호완과 같은 미슐랭 스타 음식점에서 딤섬을 먹어보세요. 전통 중국 건축물을 구경하려면 옹핑 마을로 가보세요. 그다음엔 전차를 타고 빅토리아 피크의 정상으로 가서 마천루가 만들어내는 전망을 감상하세요. 난 리안 가든의 완만한 언덕은 평온함을 선사하지만, 도심의 칵테일 바를 순례하면 활기찬 홍콩의 도시적 흥취를 느낄 수 있습니다.","도보 여행, 나이트라이프, 시티 투어, 바",https://dynamic-media-cdn.tripadvisor.com/media/photo-o/1b/33/f4/54/caption.jpg?w=500&h=400&s=1
보고타,"인구 천만의 보고타는 콜롬비아에서 가장 큰 도시입니다. 정통 요리와 훌륭한 와인을 즐길 수 있는 세련된 레스토랑이 많으며, 먹거리와 관련된 페스티벌도 자주 개최됩니다. 현지 주민들이 즐겨 이용하는 음식점에서 아지 소스를 곁들인 엠파나다를 즐겨보세요. 라 칸델라리아의 역사 지구를 산책하거나 북부 지역에서 쇼핑을 하는 것도 즐겁습니다.","자연 및 야생동물 서식지 투어, 역사 투어, 하이킹 및 캠핑, 바",https://dynamic-media-cdn.tripadvisor.com/media/photo-o/01/08/3a/c2/twilight-view-over-bogota.jpg?w=500&h=400&s=1
예레반,제국에 맞서 오랫동안 싸워온 예레반은 수백 년간 외세의 점령에도 끝까지 저항하여 결국 소비에트연방의 멸망으로 독립을 달성한 곳입니다. 아르메니아 문화의 중심지인 이 수도에는 건설 붐이 일고 인구가 증가하면서 자유를 얻은 축제 분위기가 팽배해 있습니다. 이처럼 미래를 향해 나아가면서도 예레반은 과거 역사가 남아있는 곳이기도 합니다. 9세기경 고서들이 전시된 고문서 박물관(마테나다란)과 기원전 782년에 세워진 에레부니 요새 유적지가 그대로 보존되어 있습니다.,"나이트라이프, 역사 투어, 역사 유물 탐방, 문화체험 투어",https://dynamic-media-cdn.tripadvisor.com/media/photo-o/08/29/ac/2d/bild-1.jpg?w=500&h=400&s=1
바쿠,"바쿠의 역사적 중심지에는 도시의 근원이었던 실크로드 항구 도시 시절부터 석유 붐을 거쳐 소비에트 시대에 이르기까지 격동의 과거가 잘 드러납니다. 이 구시가지에는 골목길, 모스크, 역사적인 건물, 요새의 잔해가 미로처럼 얽혀있으며, 현재 유네스코 세계문화유산으로 등재된 시르반샤 궁전과 메이든 탑이 자리 잡고 있습니다. 유적지 그 이상인 이 도시에서는 예술과 문화 활동이 활발히 이루어질 뿐만 아니라 현대의 비즈니스 부문도 왕성하게 가동되고 있습니다.","역사 투어, 바, 역사 유물 탐방, 문화체험 투어",https://dynamic-media-cdn.tripadvisor.com/media/photo-o/06/b5/6c/05/old-city-baku.jpg?w=500&h=400&s=1
발리,"북쪽의 세쿰풀처럼 숨 막히게 아름다운 폭포부터 남쪽 냥냥의 백사장에 이르기까지 발리는 하나의 작은 섬이지만 볼거리가 정말 많습니다. 바투 볼롱의 서퍼를 위한 파도, 스미냑의 나이트클럽, 누사두아의 호화로운 절벽 위 호텔, 섬 곳곳의 영적인 장소들까지, 원하는 모든 것을 찾을 수 있을 것입니다. 천국의 문에서 사진을 찍고, 정글을 지나 숨겨진 구눙 카위 사원에 가고, 울루와뚜 사원에서 일몰과 전통 불춤을 감상하세요. 시장은 반드시 방문해야 합니다. 수카와티 아트 마켓에서 수공예 예술품과 직물을 구경하거나 신두 야시장에서 사테와 박소와 같은 길거리 음식을 간식으로 즐겨보세요. 더 많은 먹거리와 즐길거리를 확인하려면 아래 추천 정보를 확인하세요.","기항지 투어,래프팅,스파,문화체험 투어",https://dynamic-media-cdn.tripadvisor.com/media/photo-o/2a/c7/90/94/caption.jpg?w=1000&h=600&s=1
호이안,"호이안은 베트남 중부 해안에 자리 잡은 항구 도시로, 15~19세기에 이르는 기간 동안 국제 무역항으로의 역할을 하였으며, 지금도 그 당시의 면모가 잘 보존되어 있습니다. 이 도시는 예전부터 백팩커들이 즐겨찾는 곳이었으며, 관광지로서의 인지도가 점차적으로 높아지고 있습니다 . 매월 음력 14일에는 전통적인 제등 축제가 열리며, 관광 명소로는 내원교(일본교), 꾸안 꽁 사원 등이 있습니다. 그리고, 이 지역의 유명한 오더 메이드 양복점에서 원하는 맞춤 옷을 구입해보는 것도 좋을 것입니다.","쇼핑, 역사 투어, 사파리, 문화체험 투어",https://dynamic-media-cdn.tripadvisor.com/media/photo-o/0d/b4/95/1e/20161110-163943-largejpg.jpg?w=500&h=400&s=1
몰디브,"인도양의 잔잔하고 평화로운 바다 위에 펼쳐진 26개의 산호섬과 1,000개 이상의 섬으로 이루어진 몰디브는 섬 여행자가 꿈꾸는 여행지입니다. 바닷속에는 수천 종의 해양 생물과 수중 보물을 만날 수 있는 수 킬로미터에 달하는 산호초가 있습니다. 최고의 즐거움을 원한다면 브로큰 록에서 다이빙하거나, 하니파루 베이에서 만타가오리와 함께 스노클링을 즐기거나, 전세 보트를 타고 최고의 명소를 둘러보세요. 몰디브는 아름다운 해변과 호화로운 빌라로 유명하지만 풍부한 문화와 역사를 간직한 곳이기도 합니다. 올드 프라이데이 모스크의 17세기 건축물을 둘러보거나 말레의 수산시장에서 현지 생활을 엿보고 섬에서 가장 신선한 해산물을 맛보세요. 그뿐만이 아닙니다. 트립어드바이저가 소개하는 숨겨진 보석 같은 곳과 꼭 해야 할 즐길거리를 아래에서 확인하세요.","리조트, 제트 보트 대여, 스파, 고래 구경",https://dynamic-media-cdn.tripadvisor.com/media/photo-o/1b/33/dc/98/caption.jpg?w=500&h=400&s=1
도미니카공화국,"쿠바, 푸에르토리코와 같은 바다에 놓인 도미니카 공화국이 아이티와 공유하는 섬 동부의 3분의 2를 차지하고 있습니다. 다양한 동굴, 빅토리아 양식의 진저브레드 하우스, 해적 이야기로 가득 찬 1448킬로미터에 달하는 해안에 둘러싸인 이 섬은 멋진 장관을 제공하며 하이라이트는 Mount Isabel de Torres로 올라가는 케이블카 타기와 멋진 Saona Island에서 일광욕 즐기기 등입니다. 또한 도미니카 공화국은 가족 여행에 적합하며 날씨가 좋고 비용도 저렴합니다.","역사 투어, 바, 하이킹 및 캠핑, 바",https://dynamic-media-cdn.tripadvisor.com/media/photo-o/21/65/5f/4b/caption.jpg?w=500&h=400&s=1&cx=1321&cy=849&chk=v1_14f7826859b4f964e5b2
모리셔스,"모리셔스는 아프리카에서 가장 관광 거리가 풍부한 열대 천국입니다. 가로와 세로가 각각 61킬로미터와 47킬로미터인 이 섬의 현대 수도인 포트 루이스는 다시 활성화된 부둣가와 분주한 시장으로 북적거리는 항구입니다. 하지만 대부분의 방문객은 몽슈아지, 조용한 트루 오 비슈 그리고 스쿠버 다이버에게 인기가 많은 보다 분주한 Flic en Flac과 같은 리조트 지역으로 향합니다. 리비에르 누아는 심해 낚시를 원하는 사람에게 이상적입니다.","제트 보트 대여, 스파, 로맨틱 투어, 스노클링",https://dynamic-media-cdn.tripadvisor.com/media/photo-o/15/33/fb/49/mauritius.jpg?w=500&h=400&s=1
카오락,"푸켓의 북쪽으로 80km 떨어진 카오락은 2004년에 쓰나미가 완전히 휩쓸고 간 지역입니다. 하지만 온전히 관광 산업에만 의존하기에 마을은 완벽하게 재건되었습니다. 한적한 해변과 고요한 밤, 그리고 가족 단위의 즐길 거리가 풍부한 이곳은 여전히 다른 해안 관광지보다 조용한 분위기를 선사합니다. 보름달 파티와 흥겨운 밤을 즐기고 싶은 여행객에게는 안타깝게도 이곳은 어울리지 않습니다. 하지만 시밀란 군도에서 멋진 스쿠버 다이빙을 즐기고 싶은 여행객에게는 이곳이 안성맞춤입니다.","리조트, 제트 보트 대여, 카약 투어, 현지 음식",https://dynamic-media-cdn.tripadvisor.com/media/photo-o/15/33/fd/1f/khao-lak.jpg?w=500&h=400&s=1
자메이카,"자메이카의 따뜻한 햇볕을 쬐며 해먹에 누워 흔들리는 것보다 더 좋은 것이 있을까요? 느긋하게 즐기고 싶다면 제대로 찾아오신 겁니다. 하지만 자메이카에는 모험을 원하는 사람을 위한 수많은 야외 어드벤처도 있습니다. 블루홀로 다이빙하고, 마사브래강에서 래프팅을 즐기는 건 어떨까요, 조금 심하게 들릴 수도 있지만 미스틱산에서 봅슬레이를 타고 내려가는 것도 재미있지 않을까요? 모험을 떠나기 전 닭고기 저크처럼 맛있고 포만감이 오래 가는 음식으로 충전하세요. 특히 레게 음악 팬이라면 킹스턴의 정통 음악 클럽을 방문할 만합니다.","나이트라이프, 리조트, 래프팅, 야외 활동",https://dynamic-media-cdn.tripadvisor.com/media/photo-o/1b/33/fb/5c/caption.jpg?w=500&h=400&s=1
산토리니,"에게해의 키클라데스 제도를 방문한 적이 없더라도 이곳을 곧바로 알아볼 수 있습니다. 절벽에 박혀 있는 듯한 알록달록한 집들, 사파이어색 바다, 코발트블루 돔이 얹어져 있는 초크화이트색 건물이 너무나 인상적인 곳이기 때문입니다. 평화로운 검은 모래 해변을 거닐거나 이메로비글리와 같은 이 지역 마을의 거리를 돌아다녀 보세요. 아름다운 이아는 별빛 속으로 사라지기 전 형형색색 변화하는 석양 덕분에 세계적으로 유명합니다.","와인 시음, 기항지 투어, 반나절 투어, 현지 음식",https://dynamic-media-cdn.tripadvisor.com/media/photo-o/1d/81/30/3f/caption.jpg?w=500&h=400&s=1&cx=1846&cy=1833&chk=v1_6ae0a81ae3361e988707
잔지바르,"탄자니아 앞바다에서 15마일 정도 떨어진 인도양에 위치한 잔지바르 아키펠라고는 인간 세계와 동떨어진 곳으로 숨 막힐 듯 아름다운 풍경을 자랑합니다. 맑은 청록빛의 바다, 물놀이에 좋은 얕은 모래톱, 그리고 관광객이 거의 방문하지 않는 근처의 여러 작은 무인도를 즐길 수 있습니다. 세계 문화 유산으로 지정된 스톤타운(잔지바르 시의 구시가지 구역)을 방문해 보세요. 또는 아름다움을 비길 데 없는, 작은 어촌 사이의 해안가를 여기저기 거닐어 볼 수도 있습니다.","역사 투어, 리조트, 사파리, 문화체험 투어",https://dynamic-media-cdn.tripadvisor.com/media/photo-o/15/33/ff/64/zanzibar-island.jpg?w=500&h=400&s=1
베니스,"수백 년 된 건축물들과 자갈길, 눈길을 사로잡는 미로 같은 섬들, 그리고 이를 가로지르는 유명한 운하까지, 베네치아는 정말로 다른 어떤 장소와도 다릅니다. 이탈리아 베네토주의 주도인 베네치아는 환상적인 풍경을 자아내면서도 도시의 분위기를 잘 느낄 수 있는 곳입니다. 특히 대운하와 산 마르코 광장은 가장 유명한 관광명소입니다. 르네상스 궁전과 고딕 교회 사이의 구불구불한 거리를 따라 카페, 젤라테리아, 부티크가 즐비합니다. 하지만 산 마르코 대성당, 아카데미아 미술관 등 꼭 가봐야 할 랜드마크를 전부 둘러봤다면 카나레지오, 도르소두로, 카스텔롬과 같이 잘 알려지지 않은 지역에도 들러 보세요. 이곳의 소박한 트라토리아 식당들은 오후에 아페리티보를 즐기려는 현지인들로 가득합니다. 주변의 섬도 놓치지 마세요. 페리를 타고 조금만 가면 정교하게 뜬 레이스와 밝은색의 집들로 유명한 부라노 섬과 화려한 색상의 수제 유리로 세계적으로 유명한 무라노 섬이 있습니다. 아래에서 더 많은 추천 정보를 살펴보세요.","와인 시음, 쇼핑, 역사 투어, 예술 및 역사",https://dynamic-media-cdn.tripadvisor.com/media/photo-o/1c/c9/67/0e/caption.jpg?w=500&h=400&s=1&cx=1041&cy=774&chk=v1_611676068082a8b7b18d
세인트루시아,"카리브해 동부에 있는 이 작은 섬의 절대적인 매력 포인트는 자연입니다. 화산, 열대우림, 검은 모래 해변 정도는 매우 흔하게 볼 수 있습니다. 세인트루시아는 신혼부부가 좋아할 만한 장소이지만, 무엇보다도 편안한 해변 휴가, 매력적인 섬 문화, 액티비티를 원하는 사람에게 적합합니다. 하이킹을 좋아하는 사람들이라면 무성한 열대우림이 펼쳐진 피전 아일랜드 국립 공원과 텟 폴 네이처 트레일을 방문해 보세요. 섬의 서쪽 해안에 있는 수프리에르는 피톤즈 화산이 뒤에 펼쳐져 있으며, 탐험하기에 적합한 곳입니다. 설퍼 스프링스와 머드 목욕, 아름다운 다이아몬드 식물원, 안세 마민의 검은 모래 해변도 놓치지 마세요. 여러 음식점에서 싱싱한 무화과와 소금에 절인 생선에서 카사바 빵까지 다양한 현지 요리를 경험할 수 있습니다. 오후에는 크리켓 경기를 즐기고, 금요일 밤에는 그로스 아일릿의 유명한 생선튀김을 맛보세요. 아래에서 더 많은 추천 정보를 확인하세요.","기항지 투어, 익스트림 스포츠, 리조트, 당일치기 여행",https://dynamic-media-cdn.tripadvisor.com/media/photo-o/1b/33/f4/df/caption.jpg?w=500&h=400&s=1
그라마두,나무가 우거진 독특한 분위기를 지닌 그라마두의 작은 브라질 마을은 기분 좋은 놀라움을 선사합니다. 패들보트를 타고 라고네그로의 블랙 포레스트 소나무 숲 주변을 충분히 즐긴 뒤에 티벳 불교 센터이자 사원인 차그두드 곤파 카드로 리냐를 방문해 보세요. 아이들은 유명한 랜드마크의 미니어처 공원인 미니문도를 방문하는 것을 좋아할 것입니다.,"전일 투어, 현지 음식, 당일치기 여행, 버스 투어",https://dynamic-media-cdn.tripadvisor.com/media/photo-o/13/2e/53/e7/img-20180601-124027124.jpg?w=500&h=400&s=1
리스본,"일곱 개의 언덕으로 둘러싸인 이 도시는 걸어 다니며 둘러보기에 더없이 좋으며 유럽의 인기 많은 수도에 대한 매혹적인 대안이 됩니다. 생기가 넘치는 밤문화, 흥겨운 시장, 활기찬 박물관이 있는 리스본에는 포르투에서 마신 술 몇 잔과 넉넉히 담긴 바칼랴우 한 그릇, 며칠간 먹은 파스테이스 데 나타로 싸인 칼로리를 태울 방법이 수없이 많이 있습니다.","와인 시음, 기항지 투어, 반나절 투어, 현지 음식",https://dynamic-media-cdn.tripadvisor.com/media/photo-o/1c/bf/6d/43/caption.jpg?w=500&h=400&s=1
암베르그리스 카예,"암베르그리스 카예는 흥미로울 정도로 충분한 편의 시설을 갖추었지만 스치는 관광객에 걸려 넘어질 만큼 지나치게 개발되지도 않은 딱 적당한 휴양지입니다. 맹그로브 습지는 벨리즈에서 가장 큰 이 화이트 비치 섬의 중심에 있으며 모래 길을 따라 골프 카트가 주요 교통 수단으로 이용되고 있습니다. 산호초 다이버들은 벨리즈 산호초와 블루 홀(전자리 상어, 엘크혼 산호, 크리너 쉬림프 및 종유석이 풍부한 석회암으로 만들어진 122미터 깊이의 원형 동굴)에 군침을 삼킵니다.","나이트라이프, 리조트, 스노클링, 스쿠버 다이빙",https://dynamic-media-cdn.tripadvisor.com/media/photo-o/0e/45/4b/4e/san-pedro.jpg?w=500&h=400&s=1
툴룸,"맞습니다. 툴룸에는 스무디 가판대와 요가 휴양지가 많아 멕시코 관광지 중 인스타그램에서 가장 많이 공유되는 장소 중 하나입니다. 하지만 볼거리는 카리브해 해변 마을에 훨씬 더 많습니다. 청록색 바닷물에 몸을 담그다 내친김에 울창한 정글을 하이킹하고 라브나아 생태 공원의 지하강을 탐험할 수 있습니다. 또는 도시 위로 우뚝 솟은 고대 마야 유적지를 둘러보세요. (툴룸은 원주민 부족의 마지막 도시였습니다.) ATV를 타고 금빛 모래 언덕을 가로지르는 오프로드 모험을 떠날 수도 있습니다. 그리고 심장이 두근거리는 액티비티를 모두 마친 후에는 메스칼에서 멕시코의 전통주를 마시거나 소박한 해변 판잣집, 유명 요리사의 식당, 고급 파인다이닝 식당 등에서 맛있는 식사를 즐길 수 있습니다.","자연 및 야생동물 서식지 투어, 나이트라이프, 바, 역사 유물 탐방",https://dynamic-media-cdn.tripadvisor.com/media/photo-o/21/66/68/f6/caption.jpg?w=500&h=400&s=1&cx=988&cy=664&chk=v1_d1b5b3f4c384c764b7e1
두브로브니크,"중세 시대 지중해를 엿볼 수 있는 두브로브니크는 반짝이는 아드리아해에서 우뚝 솟아 있는 석조 요새입니다. 올드 타운을 둘러싼 고대 성벽을 따라 걸으며 전망을 감상해 보세요. 드라마 왕좌의 게임의 촬영지이기도 한 이곳에서는 로마네스크 고딕 양식의 수도원, 궁전, 테라코타 지붕 등 영화 같은 풍경을 자랑합니다. 많은 해변이 대부분 자갈 해변이며 조용합니다. 좀 더 북적이는 분위기를 즐기고 싶다면 코파카바나 해변에서 제트스키, 칵테일, 일광욕을 즐기며 하루를 보내세요.","역사 투어, 예술 및 역사, 제트 보트 대여, 영화 투어",https://dynamic-media-cdn.tripadvisor.com/media/photo-o/21/66/cc/a5/caption.jpg?w=500&h=400&s=1
보라보라,"청록색 산호, 부드러운 흰 모래, 짙은 오렌지색 일몰이 너무나 아름다운 낭만을 주기에 두 가지의 이름으로 불립니다. 코랄 가든즈 또는 투피티피티 포인트 주변에서 열대어와 함께 어울리거나 한 때 화산 활동이 왕성했던 오테마누산의 아름다운 전망을 보면서 혼자만의 편안한 여행을 즐기십시오. 수족관에서는 상어 먹이 주기를 구경하고 거북이와 함께 수영할 수 있습니다. 고급 프랑스 요리 전문점에서 육즙이 풍부한 요리로 하루를 마무리하고 별을 보며 열대 칵테일을 마셔보십시오.","제트 스키 대여, 쇼핑, 리조트, 상어 다이빙",https://dynamic-media-cdn.tripadvisor.com/media/photo-o/13/60/b0/bd/bora-bora.jpg?w=500&h=400&s=1
나이아가라온더레이크,"나이아가라온더레이크는 19세기 당시의 모습이 잘 보존되어 있는 매력적인 타운입니다. 자전거나 자동차를 타고서 마을의 곳곳을 돌아보고, 와이너리와 유서깊은 명소인 포트 조지를 견학해 보세요. 말을 타고 나이아가라 절벽을 산책하거나 유명한 나이아가라 폭포 인근의 화이트워터 어드벤처에 참여해보는 것도 좋습니다.","와인 시음, 쇼핑, 골프, 맥주 & 양조장 투어",https://dynamic-media-cdn.tripadvisor.com/media/photo-o/11/1f/0d/07/peller-estates-winery.jpg?w=500&h=400&s=1
부다페스트,"매일 천 오백만 갤런 이상의 물이 부다페스트에 있는 118개의 샘과 시추공으로 흘러들어옵니다. 이 숫자는 부다페스트에 있는 목욕탕들을 가리키는데 탄산이 든 겔레르트 온천부터 1913년에 지은 광대한 네오바로크 양식의 세체니 온천, 오스만 제국의 건축 양식 그대로의 16세기 터키탕 루다시 온천에 이르기까지 놀라울 정도로 많은 온천이 있습니다. ""다뉴브강의 여왕” 부다페스트는 또한 역사, 문화 및 자연의 아름다움을 깊이 느낄 수 있는 곳이기도 합니다. 해 질 녘에 헝가리 의사당, 히어로즈 광장, 다뉴브강의 풍광을 카메라에 담으세요.","와인 시음, 시티 투어, 역사 투어, 테마 파크",https://dynamic-media-cdn.tripadvisor.com/media/photo-o/1b/36/37/32/caption.jpg?w=500&h=400&s=1
프라하,"보헤미안적인 매력과 동화적인 특징을 지닌 프라하는 역사, 예술, 음악, 건축에 빠져들기를 원하는 문화 애호가를 위한 완벽한 여행지입니다. 온종일 프라하 성을 구경하고 클래식한 체코 선술집에서 푸짐한 저녁을 먹으며 재충전할 수 있습니다. 정각에 기계적인 행진 퍼포먼스를 보여주는 천문 시계로 향하기 전에 구시가 광장을 돌아다니며 시간을 보내보세요. 프라하의 최고의 바는 대부분 역사적인 펍으로 중부 유럽의 최고급 맥주를 마시며 좋은 밤 시간을 보낼 수 있습니다.","시티 투어, 역사 투어, 테마 파크, 문화체험 투어",https://dynamic-media-cdn.tripadvisor.com/media/photo-o/1c/cc/d0/42/caption.jpg?w=500&h=400&s=1
비티레부,"비티레부는 프랑스 남서부 대서양 연안에 위치한 아름다운 해변 도시입니다. 이 도시는 프랑스 바스크 지역에 속하며, 그 아름다운 해안선과 서핑 스포트로 유명합니다. 비티레부는 고급스러운 리조트로 유명하며, 비치 클럽, 골프 코스, 스파, 그리고 호화스러운 해변 프론트 호텔 등 다양한 휴양시설을 제공합니다. 또한, 비티레부는 유럽에서 가장 오래된 스포츠 리조트 중 하나로서 역사적인 명소와 아름다운 건축물도 감상할 수 있습니다. 이 외에도 맛있는 해산물 요리와 현지 바스크 문화를 경험할 수 있는 다채로운 레스토랑과 상점들이 도시 곳곳에 자리하고 있습니다.","기항지 투어, 반나절 투어, 문화체험 투어, 스릴 넘치는 체험",https://dynamic-media-cdn.tripadvisor.com/media/photo-o/29/59/c4/bd/caption.jpg?w=500&h=400&s=1&cx=1049&cy=1353&chk=v1_37ec5b783fd04498f875
카우아이,"비교적 상업화되지 않은 “가든 아일랜드”인 카우아이는 때 묻지 않은 자연 그대로의 아름다움과 느긋한 하와이 정신을 간직하고 있습니다. 폭포, 경치 좋은 드라이브 길, 60곳 이상의 해변이 곳곳에 있어 스노클링, 수상 스포츠뿐 아니라 아이들이 놀기에 좋은 얕은 조수 웅덩이를 만날 수 있습니다. 나팔리 해안을 따라 즐기는 칼랄라우 트레일 하이킹에서 자연의 아름다움을 둘러보고 와이메아 캐니언으로 당일 여행을 떠나며 그로브팜 홈스테드 박물관에서 사탕수수 농장 체험을 즐기세요.","쇼핑, 카약 투어, 고래 구경, 스노클링",https://dynamic-media-cdn.tripadvisor.com/media/photo-o/1b/36/37/4b/caption.jpg?w=500&h=400&s=1
바베이도스,"캐리비안 해변의 섬나라 바베이도스는 해안에 따라 분위기가 확연히 틀리며, 그 덕분에 로맨틱한 분위기를 선호하는 여행자와 어드벤처를 즐기는 여행자 모두가 만족할 수 있는 여행지입니다. 동쪽 해안은 파도가 거센 반면, 서쪽 해안은 잔잔하여 수영을 즐기기에 적합합니다. 하지만 어느 해안으로 가든 바다는 터키석처럼 푸르고 해변에는 고운 모래가 펼쳐져 있으며, 쾌속 크루즈와 현지의 맛난 요리를 즐길 수 있습니다.","자연 및 야생동물 서식지 투어, 제트 스키 대여, 나이트라이프, 역사 투어",https://dynamic-media-cdn.tripadvisor.com/media/photo-o/15/33/f5/32/barbados.jpg?w=500&h=400&s=1
킬라니,"킬라니를 방문할 때는 유행하는 신발은 잠시 잊어버리고 가장 편안한 신발을 신고 가세요. 이곳은 도보로 즐길 수 있는 도시로 모든 길에서 역사 수업을 받을 수 있습니다. 26,000에이커 넓이의 산림과 사암 및 저지대 호수로 이루어진 아일랜드 제일의 국립 공원을 걸어서 둘러 보세요. 발이 피곤할 때쯤 로스 성에서 보트를 타고 킬라니 국립 공원을 둘러볼 수 있습니다. 킬라니에는 더블린을 제외한 아일랜드의 그 어떤 도시보다 호텔이 많기 때문에 이곳에서 여러분의 머리와 발을 쉬어갈 수 있습니다.","나이트라이프, 역사 투어, 승마, 문화체험 투어",https://dynamic-media-cdn.tripadvisor.com/media/photo-o/10/0f/f0/05/dsc-6672-largejpg.jpg?w=500&h=400&s=1
앤티가,"앤티가에는 번잡한 피죤 포인트부터 카이트서핑의 천국인 Jabberwock Beach까지 수백 개의 비치가 있습니다. 하루는 외딴 코브에서, 또 하루는 인기 관광지에서 사람 구경을 하며 지내는 것도 재미있습니다. 태양과 모래가 지겨워지면 Reservoir Range에서 활과 공기총으로 휴가 전에 받았던 스트레스를 해소할 수 있습니다. Antigua Distillery 투어는 이 섬의 진정한 매력을 느낄 수 있는 좋은 방법입니다.","사파리, 4WD 투어, 스노클링, 해변 및 서핑",https://dynamic-media-cdn.tripadvisor.com/media/photo-o/0a/57/53/77/photo0jpg.jpg?w=500&h=400&s=1
코펜하겐,"코펜하겐은 한때 바이킹의 어촌이었습니다. 그리고 아직도 노르웨이 탐험가들의 흔적을 찾을 수 있습니다. 재건축된 마을, 1000년이 지난 성의 유적, 악명 높은 붉은 머리 야만인에 대한 박물관에 방문해보십시오. 코펜하겐은 17세기 건축의 훌륭한 예시인 라운드 타워 전망대 같은 역사적 골동품과 현대적인 건축 양식이 조화를 이루고 있습니다. 아트 갤러리, 좁은 골목, 운하, 공원, 바로크 양식 교회가 도시의 문화적 명소를 이루고 있습니다.","역사 투어,바,문화체험 투어,건축 투어",https://dynamic-media-cdn.tripadvisor.com/media/photo-o/23/63/ff/4b/2018.jpg?w=1000&h=600&s=1
스톡홀름,"스웨덴의 역동적인 수도에는 아방가르드 예술, 세련된 쇼핑 및 혁신적인 식사 공간 등 현대적인 관광명소와 동화책에서 튀어나온 듯한 장엄한 궁궐과 삼각 지붕 모양의 건물이 잘 어우러져 있습니다. 19세기에 지어진 세계 최초의 야외 박물관인 스칸센에서 환상적인 공원과 정원을 거닐고, 도시의 섬들을 연결하는 그림 같이 아름다운 다리를 지나, 유럽에서 가장 완벽하게 보존된 역사 지구인 구시가지의 좁은 자갈길을 따라 내려가세요. 하루나 이틀 동안은 스톡홀름의 유네스코 세계문화유산인 드로트닝홀름 궁전(왕족의 거주지)이나 우드랜드 묘지라고도 불리는 신비로운 스콕쉬르코고르덴에 들르세요.","역사 투어, 바, 문화체험 투어, 건축 투어",https://dynamic-media-cdn.tripadvisor.com/media/photo-o/28/74/c0/4f/caption.jpg?w=500&h=400&s=1
보르도,"수년 간의 노고 끝에 ""잠자는 숲 속의 미녀""가 긴 잠에서 깨어났습니다. 이 도시는 아름답게 복원되었으며 초현대적인 대중 교통 시스템을 보유하고 있습니다. “달의 항구” 역시 유네스코 세계 문화 유산으로 지정되어 있습니다. 17개의 아치형 구조물이 있는 스톤 브릿지는 가론 강을 가로질러 보행자에게 부두와 항구의 아름다운 전경을 선사합니다. 트리앙글 도르의 오래된 보르도를 지나 프랑스 최대의 광장인 캥콩스 광장을 방문해 보세요. 보르도는 훌륭한 와인 생산지의 잊을 수 없는 모습과 맛을 보려는 이들에게 이상적인 곳입니다.","와인 시음, 역사 투어, 문화체험 투어, 버스 투어",https://dynamic-media-cdn.tripadvisor.com/media/photo-o/15/33/f7/19/bordeaux.jpg?w=500&h=400&s=1
헬싱키,"발트해 연안에 자리잡은 헬싱키는 2012년 세계 디자인 수도로 선정된 모던한 국제 도시로서, 최신 트렌드와 하이테크 디자인이 아름다운 자연 환경과 조화를 이루고 있는 여행지입니다. 현대적인 건축물과 첨단 디자인에서 이 도시의 미래 지향적인 모습을 엿볼 수 있으며, 워킹 투어를 통해 이 도시에 아로새겨진 다양한 시대의 역사를 접할 수 있습니다. 백야를 볼 수 있는 하절기에 방문하여도 좋고, 눈 내리는 겨울 밤의 모험을 즐길 수 있는 동절기에 방문하여도 좋은 여행지입니다.","역사 투어, 바, 문화체험 투어, 현지 음식",https://dynamic-media-cdn.tripadvisor.com/media/photo-o/0d/51/b6/44/p-20161016-143224-largejpg.jpg?w=500&h=400&s=1
싱가포르,"작은 섬에 위치한 도시 국가 싱가포르는 다양한 국가에서 온 사람들이 섞여 있지만 그중에서도 말레이시아, 중국, 인도의 문화가 독특하게 결합된 것으로도 유명합니다. 이렇듯 다양한 문화가 섞이면서 싱가포르 특유의 분위기를 연출하고, 매우 멋진 음식 문화도 즐길 수 있죠. 싱가포르에서는 세계적인 수준의 음식을 맛볼 수 있습니다. 하지만 유명한 호커 센터 중 한 곳에서 길거리 음식을 맛보는 기회도 놓치지 마세요. 대형 푸드 코트와도 같은 호커 센터에서는 명불허전 면 요리부터 미슐랭 스타 요리까지 다양한 음식을 맛볼 수 있습니다. 섬의 다른 지역은 빼어난 경치를 자랑합니다. 초현대적인 고층 빌딩과 고급 쇼핑몰 옆에 녹음이 우거진 공원을 지나치지 마세요. 먼저 가든스 바이 베이나 맥리치 저수지 공원의 녹지를 구경한 다음 페리를 타고 싱가포르 주변의 64개 섬 중 몇 군데를 돌아보는 것을 추천합니다. 그중 풀라우 우빈이 가장 인기 있는 장소입니다. 아래에 더 많은 추천 정보를 참고하세요.","나이트라이프, 역사 투어, 바, 문화체험 투어",https://dynamic-media-cdn.tripadvisor.com/media/photo-o/28/bd/09/06/caption.jpg?w=500&h=400&s=1
멜버른,"다채롭고 활기가 넘치는 멜버른은 아늑한 카페부터 지역 예술, 호주와 원주민 역사와 많은 관중을 불러모으는 스포츠에 이르기까지 다양한 면에서 모든 여행자에게 매력적입니다. “플랫 화이트” 커피로 하루를 시작하고 무료 시티 서클 트램 노선을 타고 왕립 식물원(Royal Botanical Gardens)과 동물 친구들이 기다리는 힐즈빌 보호구역 같은 관광명소에 가보세요. 멜버른은 또한 그레이트 오션 로드와 필립 아일랜드를 둘러보는 당일 여행을 떠나기에 좋은 출발지이기도 합니다.","와인 시음, 전일 투어, 예술 및 역사, 바",https://dynamic-media-cdn.tripadvisor.com/media/photo-o/1c/ba/8d/5f/caption.jpg?w=500&h=400&s=1&cx=4163&cy=2590&chk=v1_a0ed89eeb3b0881fb970
오슬로,"1000년의 역사를 간직한 노르웨이의 수도는 오슬로 피오르드의 머리 부분에 위치해 있습니다. 이 지리적인 위치로 인해 도시 너머에 있는 야생의 경이로움을 엿볼 수 있습니다. 비겔란 조각 공원, 바이킹 선박 박물관, 뭉크 미술관 및 홀멘콜렌에서 시각적인 즐거움을 얻음과 동시에 새로 건립된 노벨 평화 센터 및 홀로코스트 센터에서 저항 정신을 북돋을 수 있는 오슬로는 다양한 생각의 장을 마련해 줍니다. 오슬로 패스를 구입하면 대중교통을 무료로 이용할 수 있을 뿐 아니라 주차도 무료로 할 수 있으며 여러 박물관과 명소에 무료로 입장할 수 있습니다.","나이트라이프, 역사 투어, 예술 및 역사, 문화체험 투어",https://dynamic-media-cdn.tripadvisor.com/media/photo-o/0f/ce/24/d3/20170704-185513-largejpg.jpg?w=500&h=400&s=1
브뤼셀,"브뤼셀은 벨기에의 수도이자, 유럽 연합의 중심지로서 역사적으로 중요한 도시입니다. 이 도시는 아름다운 고딕 양식의 건물과 유럽 최고의 예술 작품을 간직하고 있습니다. 또한, 브뤼셀은 맛있는 초콜릿, 맥주, 와플 등으로 유명하며, 이를 맛보기 위해 다양한 카페와 레스토랑이 도심에 분포해 있습니다. 브뤼셀의 주요 관광 명소로는 그랑 플라스 광장 (Grand Place), 만삭의 소년 상 (Manneken Pis), 유럽 의회와 유럽 위원회가 위치한 유로프 지구, 키오링 시장 (Koekelberg Basilica), 아톰늄 (Atomium) 등이 있습니다. 또한, 브뤼셀은 다양한 박물관과 미술 갤러리가 있어 예술과 역사를 즐기는 여행객들에게 풍부한 경험을 제공합니다.","시티 투어, 역사 투어, 바, 문화체험 투어",https://dynamic-media-cdn.tripadvisor.com/media/photo-o/15/33/f9/36/brussels.jpg?w=500&h=400&s=1
골웨이,"방문객들이 골웨이에서 가장 마음에 들어 하는 것은 어디든지 걸어갈 수 있다는 점입니다. 도착하는 즉시 도시 거리 곳곳을 걸어 보세요. 이곳에서는 활기 넘치는 펍과 독립된 숍 그리고 학생, 예술가, 작가 및 장인들로 가득한 구불구불한 자갈 길을 만날 수 있습니다. 게일어를 들을 수도 있습니다. 일일 여행으로는 이니쉬모어 섬에 페리를 타고 들어갈 수 있습니다. 바닷바람과 이니쉬모어 섬의 아름다운 경치를 보며 심신을 재충전할 수 있습니다. 이 섬에 들어갈 때는 날씨가 쌀쌀할 때에도 반드시 자외선 차단제를 바르고 가세요.","자연 및 야생동물 서식지 투어, 나이트라이프, 역사 투어, 바",https://dynamic-media-cdn.tripadvisor.com/media/photo-o/0c/ad/3f/de/muelle-de-galway.jpg?w=500&h=400&s=1
벨파스트,"거의 300,000명의 인구가 체류하고 있는 고유한 도시 벨파스트는 세계적인 여행지로 성장하여 인기 있는 주말 휴가지가 되었습니다. 낙천적이고 생기 넘치는 도시 벨파스트는 활력이 넘치는 여행지가 되었습니다. 흥미로운 버스, 택시, 보트, 보행 등 옵션이 다양하여 시내 투어가 이전보다 더 간편해졌습니다. 얼스터 민속박물관이나 벨파스트 대성당을 놓치지 마세요. 또한 각종 수상 경력이 있는 음식점, 바, 클럽, 갤러리, 극장도 경험해 보세요.","나이트라이프, 역사 투어, 예술 및 역사, 문화체험 투어",https://dynamic-media-cdn.tripadvisor.com/media/photo-o/03/9b/2f/3e/belfast.jpg?w=500&h=400&s=1
방콕,"피할 수 없으면 즐기세요. 방콕은 그만큼 강렬합니다. 사원들은 인파로 붐비고 아침 일찍부터 길거리 음식이 지글지글 익어갑니다. 열기는 끝이 없이 이어집니다. 팟퐁 엔터테인먼트 지구부터 화려한 루프탑 바까지 이어지는 화려한 밤 문화 역시 유명합니다. 호기심이 많고 끝없는 에너지를 받고자 하는 여행자에게 방콕만 한 곳은 없습니다. 왓 포의 거대한 금불상과 왓 아룬의 장엄한 경치에 압도당해 보세요. 짜뚜짝 주말 시장에서 토요일 기념품을 찾아보는 것도 좋습니다. 저녁이 되면 차이나타운의 노점에서 카오 겝이나 쿠에이 쨈을 즐긴 다음, 힙한 거리인 쏘이 나나에 있는 여러 바를 돌아다녀 보세요. 강행군에 지쳐 에너지 재충전이 필요하다면 전통 태국 마사지를 예약하세요. 방콕의 몇 안 되는 녹지 중 하나인 룸피니 공원에서 휴식을 취할 수도 있습니다. 여기서 끝이 아닙니다. 아래에서 더 많은 추천 정보를 확인하세요.","시티 투어, 역사 투어, 바, 문화체험 투어",https://dynamic-media-cdn.tripadvisor.com/media/photo-o/1c/c2/78/15/caption.jpg?w=500&h=400&s=1
바르셀로나,"바르셀로나의 역사, 예술 및 건축물은 기대를 충족합니다. 가우디의 상징적인 사그라다 파밀리아 성당, 피카소 박물관, 고딕 지구가 있으니까요. 하지만 랜드마크와 번화한 상업 거리 너머를 보면 말 그대로 도시를 둘러싼 자연이 눈길을 사로잡습니다. 한쪽에는 근처 발레아레스 제도와 누가 더 아름다운지 치열한 접전을 벌이는 멋진 모래사장이 5km나 펼쳐져 있고, 다른 한쪽에는 세계에서 가장 큰 도시 공원 중 하나인 콜세롤라 공원이 있는 세라 데 콜세롤라 산맥이 있습니다. 자전거 문화가 번성하는 데는 이유가 있습니다. 290km가 넘는 자전거 도로를 따라 카탈루냐의 수도를 쉽게 둘러볼 수 있기 때문입니다. 개선된 람블라 거리에서 자전거를 타며 소박한 오후를 보내고(보행자 전용 구간에서는 자전거에서 내려 걸어야 합니다.) 타파스와 샹그리아를 맛보세요. 이 모든 것을 할 수 있으며 아래에 더 많은 아이디어가 있습니다.","나이트라이프, 역사 투어, 바, 문화체험 투어",https://dynamic-media-cdn.tripadvisor.com/media/photo-o/1c/ae/5d/da/caption.jpg?w=500&h=400&s=1
몬트리올,"프랑스어를 사용하는 몬트리올은 캐나다의 문화 중심지이자 패션의 수도로, 전 세계 수많은 패션 스타를 끌어들이는 매력을 갖고 있습니다. 몬트리올에 한 번 와 보면 그 이유를 금방 이해할 수 있죠. 몬트리올의 자갈길을 걸으면 유럽의 정취가 물씬 풍깁니다. 노트르담 대성당과 같이 몬트리올을 대표하는 건물을 둘러보거나, 플라토 몽 루아얄 지구에 있는 아늑한 카페에 들러 보세요. 도시 곳곳에 많이 있는 빈티지 부티크 중 한 곳에서 쇼핑을 즐기는 것도 좋습니다. 몬트리올에서는 계절에 따라 도시의 분위기가 달라집니다. 여름에는 하이킹, 자전거 타기를 즐기며 아름다운 풍경을 제대로 감상할 수 있고, 매년 늦은 겨울과 초봄에는 결코 놓치고 싶지 않은 전통으로 슈가 쉑을 방문할 우 있습니다. 이 슈가 쉑에서 갓 만든 메이플 시럽을 도넛, 팬케이크, 파이에 이르기까지 모든 음식에 뿌려 먹는 전통은 원주민 공동체에서 시작되었습니다. 아래에서 더 많은 추천 정보를 확인하세요.","고스트 투어, 역사 투어, 바, 문화체험 투어",https://dynamic-media-cdn.tripadvisor.com/media/photo-o/1b/33/f2/6b/caption.jpg?w=500&h=400&s=1
밀란,"밀라노는 이탈리아의 패션, 디자인, 건축 분야의 중심지입니다. 실제로 매년 전 세계의 디자인 전문가들이 밀라노 가구 박람회와 밀라노 패션 위크 등의 행사에 참여하기 위해 밀라노를 찾습니다. 그리고 밀라노의 아름다운 풍경도 정말 인기가 있습니다. 밀라노에는 세계에서 가장 큰 고딕 양식 대성당인 두오모 대성당과 아름다운 모자이크와 유리 천장을 자랑하는 스칼라 오페라 하우스 및 비토리오 에마누엘레 2세 갤러리아 쇼핑센터, 그리고 피나코테카 디 브레와 현대적인 MAXXI 같은 박물관과 갤러리가 있습니다. 게다가 또 좋은 점은 밀라노의 음식 문화가 지난 10년 동안 크게 성장했다는 것입니다. 이제 밀라노 지역의 전통 음식은 물론 중국, 중동, 에티오피아 요리 등 세계 각국의 다양한 음식도 맛볼 수 있습니다. 밀라노는 네그로니 스바글리아토 칵테일의 본고장입니다. 직접 맛볼 수 있는 기회를 놓치지 마세요. 아래에서 더 많은 밀라노 추천 정보를 확인하세요.","나이트라이프, 역사 투어, 바, 문화체험 투어",https://dynamic-media-cdn.tripadvisor.com/media/photo-o/1b/33/ef/6d/caption.jpg?w=500&h=400&s=1
취리히,스위스에서 가장 큰 도시인 취리히는 현대 미술과 쇼핑 여행지로 유명합니다. 쿤스트하우스 및 리트베르크 박물관에는 저명한 작품이 전시되며 작품을 쇼핑할 의향이 있다면 반호프슈트라세와 니더도르프의 여러 가게에서 작품을 보는 눈을 기를 수 있습니다. 프라우뮌스터 성당에서 샤갈의 스테인드글라스 작품을 구경하거나 취리히의 500여 개나 되는 클럽과 바에서 다음날 새벽까지 신나게 즐겨보세요. 수영장이 있는 곳도 많습니다. 취리히 호수가 있는 이 도시에는 대중교통이 잘 갖춰져 있으며 무료로 자전거를 빌려 탈 수 있습니다.,"자연 및 야생동물 서식지 투어, 예술 창작 및 관람, 역사 투어, 바",https://dynamic-media-cdn.tripadvisor.com/media/photo-o/15/33/f9/30/zurich.jpg?w=500&h=400&s=1
